{'metadata': {'dataVersion': '2',
 'matchId': 'KR_6206139295',
 'participants': ['O2Br_MFQ0wTsQ8JG4Bm8UYcqQOb6kp5MNC7U_HjbusRtTlEgkgTllsg1x9YLJeKN_oIlqgnjh7_3Mw',
 'K9ICMt_lddgsHiWGY3plJptVEfPkBagz6J_CW2uYymxTPKz_Jhpcwg0CF9aSw-r2ZWlNS7agmUbkwg',
 '5Fru2RTR9AvJ2k-UKN2SMa9e83Ydgnc6Y65KDe7ny24J7KVjl8ehWwhgRiVFIB-v8VqHhcPssZZUpA',
 'nKQzgxKMq2Yr06LrK37OAZSXGN3Y0v4V43oMR3KfanEPxf_lAQ7XDo06FALXx7zq1deJqAi3NbqIdw',
 'Ueh7UeGDqJ3LnmTf_hC3-CFUSPeL0CaLuC7BQF6woIN0X1v0LY_HiETZ_YXF7vjwcOsdeiScaiDTyQ',
 'ylmVFGZguEdi28CX8MTM-sN9LFH9NZQpacZBETovwBj5fajrYBAee2a2dEiSjtm3ckmW3x6byB8U3Q',
 'VAvALllHSe5Bg1A6eOsTT3MARW_5JKcJG_5CQawnTFIhCQH3AUTgZu7VQTOnKw2kEt523v8OZeGoIA',
 '0QBJVW4WOHyRFf744N89gSJodv6dt5JUSpteSMduKEYJ3v6jLp2C0_56tqlCW8Ka16lEJTh1ubGPAA',
 'LxY245vUZWsccpZmGdEKiRqjEt8CgXKL6MHex-SabnTFz0UcPz6igPZluJlFardf8jREV7hLd83rPw',
 '02NWA41IiPak1wyh1HcrSlOiVgbeCSfBQI7yyK5_mCeq37NsjR1MtWsE8RT-xKt8F_boh25Lj2NFpQ']},
 'info': {'gameCreation': 1667808802800,
 'gameDuration': 2006,
 'gameEndTimestamp': 1667810832770,
 'gameId': 6206139295,
 'gameMode': 'CLASSIC',
 'gameName': 'teambuilder-match-6206139295',
 'gameStartTimestamp': 1667808826256,
 'gameType': 'MATCHED_GAME',
 'gameVersion': '12.21.477.420',
 'mapId': 11,
 'participants': [{'allInPings': 0,
 'assistMePings': 0,
 'assists': 7,
 'baitPings': 0,
 'baronKills': 0,
 'basicPings': 31,
 'bountyLevel': 0,
 'challenges': {'12AssistStreakCount': 0,
 'abilityUses': 311,
 'acesBefore15Minutes': 0,
 'alliedJungleMonsterKills': 7,
 'baronTakedowns': 0,
 'blastConeOppositeOpponentCount': 0,
 'bountyGold': 0,
 'buffsStolen': 0,
 'completeSupportQuestInTime': 0,
 'controlWardTimeCoverageInRiverOrEnemyHalf': 0.06161587212218178,
 'controlWardsPlaced': 6,
 'damagePerMinute': 822.8040677042627,
 'damageTakenOnTeamPercentage': 0.2563120348006302,
 'dancedWithRiftHerald': 0,
 'deathsByEnemyChamps': 5,
 'dodgeSkillShotsSmallWindow': 0,
 'doubleAces': 0,
 'dragonTakedowns': 1,
 'earliestDragonTakedown': 1600.8833760812959,
 'earlyLaningPhaseGoldExpAdvantage': 0,
 'effectiveHealAndShielding': 0,
 'elderDragonKillsWithOpposingSoul': 0,
 'elderDragonMultikills': 0,
 'enemyChampionImmobilizations': 0,
 'enemyJungleMonsterKills': 0,
 'epicMonsterKillsNearEnemyJungler': 0,
 'epicMonsterKillsWithin30SecondsOfSpawn': 0,
 'epicMonsterSteals': 0,
 'epicMonsterStolenWithoutSmite': 0,
 'flawlessAces': 0,
 'fullTeamTakedown': 0,
 'gameLength': 2006.7338676015954,
 'getTakedownsInAllLanesEarlyJungleAsLaner': 0,
 'goldPerMinute': 362.7587714807656,
 'hadOpenNexus': 0,
 'immobilizeAndKillWithAlly': 0,
 'initialBuffCount': 0,
 'initialCrabCount': 0,
 'jungleCsBefore10Minutes': 0,
 'junglerTakedownsNearDamagedEpicMonster': 0,
 'kTurretsDestroyedBeforePlatesFall': 0,
 'kda': 2.2,
 'killAfterHiddenWithAlly': 0,
 'killParticipation': 0.6111111111111112,
 'killedChampTookFullTeamDamageSurvived': 0,
 'killsNearEnemyTurret': 0,
 'killsOnOtherLanesEarlyJungleAsLaner': 0,
 'killsOnRecentlyHealedByAramPack': 0,
 'killsUnderOwnTurret': 0,
 'killsWithHelpFromEpicMonster': 0,
 'knockEnemyIntoTeamAndKill': 0,
 'landSkillShotsEarlyGame': 0,
 'laneMinionsFirst10Minutes': 70,
 'laningPhaseGoldExpAdvantage': 0,
 'legendaryCount': 0,
 'lostAnInhibitor': 0,
 'maxCsAdvantageOnLaneOpponent': 25.499999970197678,
 'maxKillDeficit': 0,
 'maxLevelLeadLaneOpponent': 2,
 'moreEnemyJungleThanOpponent': -133.50000005960464,
 'multiKillOneSpell': 0,
 'multiTurretRiftHeraldCount': 0,
 'multikills': 0,
 'multikillsAfterAggressiveFlash': 0,
 'mythicItemUsed': 4633,
 'outerTurretExecutesBefore10Minutes': 0,
 'outnumberedKills': 0,
 'outnumberedNexusKill': 0,
 'perfectDragonSoulsTaken': 0,
 'perfectGame': 0,
 'pickKillWithAlly': 7,
 'playedChampSelectPosition': 1,
 'poroExplosions': 0,
 'quickCleanse': 0,
 'quickFirstTurret': 0,
 'quickSoloKills': 0,
 'riftHeraldTakedowns': 0,
 'saveAllyFromDeath': 0,
 'scuttleCrabKills': 0,
 'skillshotsDodged': 8,
 'skillshotsHit': 104,
 'snowballsHit': 0,
 'soloBaronKills': 0,
 'soloKills': 2,
 'stealthWardsPlaced': 6,
 'survivedSingleDigitHpCount': 0,
 'survivedThreeImmobilizesInFight': 0,
 'takedownOnFirstTurret': 0,
 'takedowns': 11,
 'takedownsAfterGainingLevelAdvantage': 0,
 'takedownsBeforeJungleMinionSpawn': 0,
 'takedownsFirstXMinutes': 1,
 'takedownsInAlcove': 0,
 'takedownsInEnemyFountain': 0,
 'teamBaronKills': 0,
 'teamDamagePercentage': 0.2363866481988344,
 'teamElderDragonKills': 0,
 'teamRiftHeraldKills': 0,
 'teleportTakedowns': 2,
 'threeWardsOneSweeperCount': 1,
 'tookLargeDamageSurvived': 0,
 'turretPlatesTaken': 0,
 'turretTakedowns': 0,
 'turretsTakenWithRiftHerald': 0,
 'twentyMinionsIn3SecondsCount': 11,
 'unseenRecalls': 0,
 'visionScoreAdvantageLaneOpponent': 0.30278635025024414,
 'visionScorePerMinute': 0.9384696066035716,
 'wardTakedowns': 10,
 'wardTakedownsBefore20M': 5,
 'wardsGuarded': 0},
 'champExperience': 18238,
 'champLevel': 17,
 'championId': 887,
 'championName': 'Gwen',
 'championTransform': 0,
 'commandPings': 0,
 'consumablesPurchased': 9,
 'damageDealtToBuildings': 1284,
 'damageDealtToObjectives': 7251,
 'damageDealtToTurrets': 1284,
 'damageSelfMitigated': 34963,
 'dangerPings': 0,
 'deaths': 5,
 'detectorWardsPlaced': 6,
 'doubleKills': 0,
 'dragonKills': 0,
 'eligibleForProgression': True,
 'enemyMissingPings': 0,
 'enemyVisionPings': 0,
 'firstBloodAssist': False,
 'firstBloodKill': False,
 'firstTowerAssist': False,
 'firstTowerKill': False,
 'gameEndedInEarlySurrender': False,
 'gameEndedInSurrender': False,
 'getBackPings': 0,
 'goldEarned': 12132,
 'goldSpent': 12175,
 'holdPings': 0,
 'individualPosition': 'TOP',
 'inhibitorKills': 0,
 'inhibitorTakedowns': 0,
 'inhibitorsLost': 1,
 'item0': 4633,
 'item1': 4645,
 'item2': 3047,
 'item3': 2055,
 'item4': 3135,
 'item5': 0,
 'item6': 3364,
 'itemsPurchased': 27,
 'killingSprees': 0,
 'kills': 4,
 'lane': 'TOP',
 'largestCriticalStrike': 0,
 'largestKillingSpree': 0,
 'largestMultiKill': 1,
 'longestTimeSpentLiving': 951,
 'magicDamageDealt': 120707,
 'magicDamageDealtToChampions': 18545,
 'magicDamageTaken': 9175,
 'needVisionPings': 0,
 'neutralMinionsKilled': 12,
 'nexusKills': 0,
 'nexusLost': 1,
 'nexusTakedowns': 0,
 'objectivesStolen': 0,
 'objectivesStolenAssists': 0,
 'onMyWayPings': 0,
 'participantId': 1,
 'pentaKills': 0,
 'perks': {'statPerks': {'defense': 5002,
 'flex': 5008,
 'offense': 5005},
 'styles': [{'description': 'primaryStyle',
 'selections': [{'perk': 8010,
 'var1': 508,
 'var2': 0,
 'var3': 0},
 {'perk': 8009,
 'var1': 2159,
 'var2': 0,
 'var3': 0},
 {'perk': 9104,
 'var1': 20,
 'var2': 0,
 'var3': 0},
 {'perk': 8299,
 'var1': 550,
 'var2': 0,
 'var3': 0}],
 'style': 8000},
 {'description': 'subStyle',
 'selections': [{'perk': 8242,
 'var1': 51,
 'var2': 0,
 'var3': 0},
 {'perk': 8444,
 'var1': 1372,
 'var2': 0,
 'var3': 0}],
 'style': 8400}]},
 'physicalDamageDealt': 42099,
 'physicalDamageDealtToChampions': 3222,
 'physicalDamageTaken': 25428,
 'profileIcon': 27,
 'pushPings': 0,
 'puuid': 'O2Br_MFQ0wTsQ8JG4Bm8UYcqQOb6kp5MNC7U_HjbusRtTlEgkgTllsg1x9YLJeKN_oIlqgnjh7_3Mw',
 'quadraKills': 0,
 'riotIdName': '',
 'riotIdTagline': '',
 'role': 'SOLO',
 'sightWardsBoughtInGame': 0,
 'spell1Casts': 115,
 'spell2Casts': 27,
 'spell3Casts': 137,
 'spell4Casts': 32,
 'summoner1Casts': 6,
 'summoner1Id': 14,
 'summoner2Casts': 5,
 'summoner2Id': 12,
 'summonerId': 'lDhZQ1CNUfnYpTOXH1sWtyD0516sgNp5ZltmlWN3IzTPgd0',
 'summonerLevel': 61,
 'summonerName': 'tatakawanaide',
 'teamEarlySurrendered': False,
 'teamId': 100,
 'teamPosition': 'TOP',
 'timeCCingOthers': 9,
 'timePlayed': 2006,
 'totalDamageDealt': 216351,
 'totalDamageDealtToChampions': 27519,
 'totalDamageShieldedOnTeammates': 0,
 'totalDamageTaken': 36867,
 'totalHeal': 10547,
 'totalHealsOnTeammates': 0,
 'totalMinionsKilled': 239,
 'totalTimeCCDealt': 103,
 'totalTimeSpentDead': 171,
 'totalUnitsHealed': 1,
 'tripleKills': 0,
 'trueDamageDealt': 53545,
 'trueDamageDealtToChampions': 5751,
 'trueDamageTaken': 2263,
 'turretKills': 0,
 'turretTakedowns': 0,
 'turretsLost': 10,
 'unrealKills': 0,
 'visionClearedPings': 0,
 'visionScore': 31,
 'visionWardsBoughtInGame': 7,
 'wardsKilled': 7,
 'wardsPlaced': 15,
 'win': False},
 {'allInPings': 0,
 'assistMePings': 0,
 'assists': 3,
 'baitPings': 0,
 'baronKills': 0,
 'basicPings': 104,
 'bountyLevel': 0,
 'challenges': {'12AssistStreakCount': 0,
 'abilityUses': 615,
 'acesBefore15Minutes': 0,
 'alliedJungleMonsterKills': 135.50000017881393,
 'baronTakedowns': 0,
 'blastConeOppositeOpponentCount': 0,
 'bountyGold': 150,
 'buffsStolen': 2,
 'completeSupportQuestInTime': 0,
 'controlWardTimeCoverageInRiverOrEnemyHalf': 0.2211308967457984,
 'controlWardsPlaced': 7,
 'damagePerMinute': 402.3733702647398,
 'damageTakenOnTeamPercentage': 0.24766463081999485,
 'dancedWithRiftHerald': 0,
 'deathsByEnemyChamps': 8,
 'dodgeSkillShotsSmallWindow': 2,
 'doubleAces': 0,
 'dragonTakedowns': 3,
 'earliestDragonTakedown': 916.2032889924808,
 'earlyLaningPhaseGoldExpAdvantage': 0,
 'effectiveHealAndShielding': 113.72098541259766,
 'elderDragonKillsWithOpposingSoul': 0,
 'elderDragonMultikills': 0,
 'enemyChampionImmobilizations': 26,
 'enemyJungleMonsterKills': 16.000000029802322,
 'epicMonsterKillsNearEnemyJungler': 0,
 'epicMonsterKillsWithin30SecondsOfSpawn': 1,
 'epicMonsterSteals': 0,
 'epicMonsterStolenWithoutSmite': 0,
 'flawlessAces': 0,
 'fullTeamTakedown': 0,
 'gameLength': 2006.7338676015954,
 'goldPerMinute': 314.4367517255273,
 'hadOpenNexus': 0,
 'immobilizeAndKillWithAlly': 2,
 'initialBuffCount': 2,
 'initialCrabCount': 1,
 'jungleCsBefore10Minutes': 71.50000008940697,
 'junglerKillsEarlyJungle': 0,
 'junglerTakedownsNearDamagedEpicMonster': 0,
 'kTurretsDestroyedBeforePlatesFall': 0,
 'kda': 0.75,
 'killAfterHiddenWithAlly': 0,
 'killParticipation': 0.3333333333333333,
 'killedChampTookFullTeamDamageSurvived': 0,
 'killsNearEnemyTurret': 0,
 'killsOnLanersEarlyJungleAsJungler': 0,
 'killsOnRecentlyHealedByAramPack': 0,
 'killsUnderOwnTurret': 1,
 'killsWithHelpFromEpicMonster': 0,
 'knockEnemyIntoTeamAndKill': 2,
 'landSkillShotsEarlyGame': 2,
 'laneMinionsFirst10Minutes': 1,
 'laningPhaseGoldExpAdvantage': 0,
 'legendaryCount': 0,
 'lostAnInhibitor': 0,
 'maxCsAdvantageOnLaneOpponent': 18.000000029802322,
 'maxKillDeficit': 0,
 'maxLevelLeadLaneOpponent': 1,
 'moreEnemyJungleThanOpponent': -61.99999997019768,
 'multiKillOneSpell': 0,
 'multiTurretRiftHeraldCount': 0,
 'multikills': 0,
 'multikillsAfterAggressiveFlash': 0,
 'mythicItemUsed': 6630,
 'outerTurretExecutesBefore10Minutes': 0,
 'outnumberedKills': 1,
 'outnumberedNexusKill': 0,
 'perfectDragonSoulsTaken': 0,
 'perfectGame': 0,
 'pickKillWithAlly': 4,
 'playedChampSelectPosition': 1,
 'poroExplosions': 0,
 'quickCleanse': 0,
 'quickFirstTurret': 0,
 'quickSoloKills': 0,
 'riftHeraldTakedowns': 0,
 'saveAllyFromDeath': 0,
 'scuttleCrabKills': 1,
 'skillshotsDodged': 15,
 'skillshotsHit': 21,
 'snowballsHit': 0,
 'soloBaronKills': 0,
 'soloKills': 0,
 'stealthWardsPlaced': 10,
 'survivedSingleDigitHpCount': 0,
 'survivedThreeImmobilizesInFight': 0,
 'takedownOnFirstTurret': 0,
 'takedowns': 6,
 'takedownsAfterGainingLevelAdvantage': 0,
 'takedownsBeforeJungleMinionSpawn': 0,
 'takedownsFirstXMinutes': 0,
 'takedownsInAlcove': 0,
 'takedownsInEnemyFountain': 0,
 'teamBaronKills': 0,
 'teamDamagePercentage': 0.11559944348201429,
 'teamElderDragonKills': 0,
 'teamRiftHeraldKills': 0,
 'threeWardsOneSweeperCount': 0,
 'tookLargeDamageSurvived': 0,
 'turretPlatesTaken': 0,
 'turretTakedowns': 0,
 'turretsTakenWithRiftHerald': 0,
 'twentyMinionsIn3SecondsCount': 0,
 'unseenRecalls': 0,
 'visionScoreAdvantageLaneOpponent': -0.6726404428482056,
 'visionScorePerMinute': 0.6145488775307008,
 'wardTakedowns': 1,
 'wardTakedownsBefore20M': 1,
 'wardsGuarded': 1},
 'champExperience': 14748,
 'champLevel': 16,
 'championId': 64,
 'championName': 'LeeSin',
 'championTransform': 0,
 'commandPings': 0,
 'consumablesPurchased': 9,
 'damageDealtToBuildings': 0,
 'damageDealtToObjectives': 15645,
 'damageDealtToTurrets': 0,
 'damageSelfMitigated': 36340,
 'dangerPings': 0,
 'deaths': 8,
 'detectorWardsPlaced': 7,
 'doubleKills': 0,
 'dragonKills': 3,
 'eligibleForProgression': True,
 'enemyMissingPings': 0,
 'enemyVisionPings': 0,
 'firstBloodAssist': False,
 'firstBloodKill': False,
 'firstTowerAssist': False,
 'firstTowerKill': False,
 'gameEndedInEarlySurrender': False,
 'gameEndedInSurrender': False,
 'getBackPings': 0,
 'goldEarned': 10516,
 'goldSpent': 10275,
 'holdPings': 0,
 'individualPosition': 'JUNGLE',
 'inhibitorKills': 0,
 'inhibitorTakedowns': 0,
 'inhibitorsLost': 1,
 'item0': 6630,
 'item1': 3071,
 'item2': 2055,
 'item3': 3082,
 'item4': 3047,
 'item5': 3024,
 'item6': 3340,
 'itemsPurchased': 30,
 'killingSprees': 0,
 'kills': 3,
 'lane': 'JUNGLE',
 'largestCriticalStrike': 0,
 'largestKillingSpree': 0,
 'largestMultiKill': 1,
 'longestTimeSpentLiving': 418,
 'magicDamageDealt': 42746,
 'magicDamageDealtToChampions': 1092,
 'magicDamageTaken': 9591,
 'needVisionPings': 0,
 'neutralMinionsKilled': 178,
 'nexusKills': 0,
 'nexusLost': 1,
 'nexusTakedowns': 0,
 'objectivesStolen': 0,
 'objectivesStolenAssists': 0,
 'onMyWayPings': 0,
 'participantId': 2,
 'pentaKills': 0,
 'perks': {'statPerks': {'defense': 5002,
 'flex': 5008,
 'offense': 5005},
 'styles': [{'description': 'primaryStyle',
 'selections': [{'perk': 8010,
 'var1': 10,
 'var2': 0,
 'var3': 0},
 {'perk': 9111,
 'var1': 294,
 'var2': 120,
 'var3': 0},
 {'perk': 9104,
 'var1': 17,
 'var2': 30,
 'var3': 0},
 {'perk': 8014,
 'var1': 264,
 'var2': 0,
 'var3': 0}],
 'style': 8000},
 {'description': 'subStyle',
 'selections': [{'perk': 8304,
 'var1': 12,
 'var2': 0,
 'var3': 0},
 {'perk': 8347,
 'var1': 0,
 'var2': 0,
 'var3': 0}],
 'style': 8300}]},
 'physicalDamageDealt': 130738,
 'physicalDamageDealtToChampions': 11578,
 'physicalDamageTaken': 23690,
 'profileIcon': 4568,
 'pushPings': 0,
 'puuid': 'K9ICMt_lddgsHiWGY3plJptVEfPkBagz6J_CW2uYymxTPKz_Jhpcwg0CF9aSw-r2ZWlNS7agmUbkwg',
 'quadraKills': 0,
 'riotIdName': '',
 'riotIdTagline': '',
 'role': 'NONE',
 'sightWardsBoughtInGame': 0,
 'spell1Casts': 244,
 'spell2Casts': 211,
 'spell3Casts': 152,
 'spell4Casts': 8,
 'summoner1Casts': 21,
 'summoner1Id': 11,
 'summoner2Casts': 3,
 'summoner2Id': 4,
 'summonerId': 'jHeokPYcvqY3LsKoTFhVgsJ4sJjJAuzh992rfbpB_98_0FA',
 'summonerLevel': 106,
 'summonerName': '납영현',
 'teamEarlySurrendered': False,
 'teamId': 100,
 'teamPosition': 'JUNGLE',
 'timeCCingOthers': 17,
 'timePlayed': 2006,
 'totalDamageDealt': 189149,
 'totalDamageDealtToChampions': 13457,
 'totalDamageShieldedOnTeammates': 113,
 'totalDamageTaken': 35623,
 'totalHeal': 9625,
 'totalHealsOnTeammates': 0,
 'totalMinionsKilled': 19,
 'totalTimeCCDealt': 596,
 'totalTimeSpentDead': 245,
 'totalUnitsHealed': 1,
 'tripleKills': 0,
 'trueDamageDealt': 15664,
 'trueDamageDealtToChampions': 786,
 'trueDamageTaken': 2341,
 'turretKills': 0,
 'turretTakedowns': 0,
 'turretsLost': 10,
 'unrealKills': 0,
 'visionClearedPings': 0,
 'visionScore': 20,
 'visionWardsBoughtInGame': 9,
 'wardsKilled': 0,
 'wardsPlaced': 16,
 'win': False},
 {'allInPings': 0,
 'assistMePings': 0,
 'assists': 4,
 'baitPings': 0,
 'baronKills': 0,
 'basicPings': 50,
 'bountyLevel': 0,
 'challenges': {'12AssistStreakCount': 0,
 'abilityUses': 336,
 'acesBefore15Minutes': 0,
 'alliedJungleMonsterKills': 6.4000000059604645,
 'baronTakedowns': 0,
 'blastConeOppositeOpponentCount': 0,
 'bountyGold': 300,
 'buffsStolen': 0,
 'completeSupportQuestInTime': 0,
 'controlWardTimeCoverageInRiverOrEnemyHalf': 0.01869506070261595,
 'controlWardsPlaced': 9,
 'damagePerMinute': 427.2413212076535,
 'damageTakenOnTeamPercentage': 0.21594460567779053,
 'dancedWithRiftHerald': 0,
 'deathsByEnemyChamps': 4,
 'dodgeSkillShotsSmallWindow': 0,
 'doubleAces': 0,
 'dragonTakedowns': 3,
 'earliestDragonTakedown': 916.2032889924808,
 'earlyLaningPhaseGoldExpAdvantage': 0,
 'effectiveHealAndShielding': 0,
 'elderDragonKillsWithOpposingSoul': 0,
 'elderDragonMultikills': 0,
 'enemyChampionImmobilizations': 23,
 'enemyJungleMonsterKills': 0,
 'epicMonsterKillsNearEnemyJungler': 0,
 'epicMonsterKillsWithin30SecondsOfSpawn': 0,
 'epicMonsterSteals': 0,
 'epicMonsterStolenWithoutSmite': 0,
 'flawlessAces': 0,
 'fullTeamTakedown': 0,
 'gameLength': 2006.7338676015954,
 'getTakedownsInAllLanesEarlyJungleAsLaner': 0,
 'goldPerMinute': 381.67246337909023,
 'hadOpenNexus': 0,
 'immobilizeAndKillWithAlly': 4,
 'initialBuffCount': 0,
 'initialCrabCount': 0,
 'jungleCsBefore10Minutes': 0,
 'junglerTakedownsNearDamagedEpicMonster': 0,
 'kTurretsDestroyedBeforePlatesFall': 0,
 'kda': 2,
 'killAfterHiddenWithAlly': 0,
 'killParticipation': 0.4444444444444444,
 'killedChampTookFullTeamDamageSurvived': 0,
 'killsNearEnemyTurret': 0,
 'killsOnOtherLanesEarlyJungleAsLaner': 0,
 'killsOnRecentlyHealedByAramPack': 0,
 'killsUnderOwnTurret': 0,
 'killsWithHelpFromEpicMonster': 0,
 'knockEnemyIntoTeamAndKill': 1,
 'landSkillShotsEarlyGame': 0,
 'laneMinionsFirst10Minutes': 74,
 'laningPhaseGoldExpAdvantage': 0,
 'legendaryCount': 0,
 'lostAnInhibitor': 0,
 'maxCsAdvantageOnLaneOpponent': 0,
 'maxKillDeficit': 0,
 'maxLevelLeadLaneOpponent': 1,
 'moreEnemyJungleThanOpponent': -133.50000005960464,
 'multiKillOneSpell': 0,
 'multiTurretRiftHeraldCount': 0,
 'multikills': 0,
 'multikillsAfterAggressiveFlash': 0,
 'mythicItemUsed': 6656,
 'outerTurretExecutesBefore10Minutes': 0,
 'outnumberedKills': 0,
 'outnumberedNexusKill': 0,
 'perfectDragonSoulsTaken': 0,
 'perfectGame': 0,
 'pickKillWithAlly': 6,
 'playedChampSelectPosition': 1,
 'poroExplosions': 0,
 'quickCleanse': 0,
 'quickFirstTurret': 0,
 'quickSoloKills': 0,
 'riftHeraldTakedowns': 0,
 'saveAllyFromDeath': 0,
 'scuttleCrabKills': 0,
 'skillshotsDodged': 8,
 'skillshotsHit': 13,
 'snowballsHit': 0,
 'soloBaronKills': 0,
 'soloKills': 0,
 'stealthWardsPlaced': 5,
 'survivedSingleDigitHpCount': 0,
 'survivedThreeImmobilizesInFight': 1,
 'takedownOnFirstTurret': 0,
 'takedowns': 8,
 'takedownsAfterGainingLevelAdvantage': 0,
 'takedownsBeforeJungleMinionSpawn': 0,
 'takedownsFirstXMinutes': 0,
 'takedownsInAlcove': 0,
 'takedownsInEnemyFountain': 0,
 'teamBaronKills': 0,
 'teamDamagePercentage': 0.12274385586608295,
 'teamElderDragonKills': 0,
 'teamRiftHeraldKills': 0,
 'threeWardsOneSweeperCount': 0,
 'tookLargeDamageSurvived': 0,
 'turretPlatesTaken': 1,
 'turretTakedowns': 1,
 'turretsTakenWithRiftHerald': 0,
 'twentyMinionsIn3SecondsCount': 11,
 'unseenRecalls': 0,
 'visionScoreAdvantageLaneOpponent': 0.3390904664993286,
 'visionScorePerMinute': 0.9457029238594121,
 'wardTakedowns': 9,
 'wardTakedownsBefore20M': 2,
 'wardsGuarded': 0},
 'champExperience': 16449,
 'champLevel': 16,
 'championId': 517,
 'championName': 'Sylas',
 'championTransform': 0,
 'commandPings': 0,
 'consumablesPurchased': 10,
 'damageDealtToBuildings': 2538,
 'damageDealtToObjectives': 9132,
 'damageDealtToTurrets': 2538,
 'damageSelfMitigated': 25888,
 'dangerPings': 0,
 'deaths': 4,
 'detectorWardsPlaced': 9,
 'doubleKills': 0,
 'dragonKills': 0,
 'eligibleForProgression': True,
 'enemyMissingPings': 0,
 'enemyVisionPings': 0,
 'firstBloodAssist': False,
 'firstBloodKill': False,
 'firstTowerAssist': False,
 'firstTowerKill': False,
 'gameEndedInEarlySurrender': False,
 'gameEndedInSurrender': False,
 'getBackPings': 0,
 'goldEarned': 12765,
 'goldSpent': 12425,
 'holdPings': 0,
 'individualPosition': 'MIDDLE',
 'inhibitorKills': 0,
 'inhibitorTakedowns': 0,
 'inhibitorsLost': 1,
 'item0': 6656,
 'item1': 3020,
 'item2': 3157,
 'item3': 0,
 'item4': 4645,
 'item5': 4630,
 'item6': 3364,
 'itemsPurchased': 30,
 'killingSprees': 0,
 'kills': 4,
 'lane': 'MIDDLE',
 'largestCriticalStrike': 0,
 'largestKillingSpree': 0,
 'largestMultiKill': 1,
 'longestTimeSpentLiving': 964,
 'magicDamageDealt': 139900,
 'magicDamageDealtToChampions': 13510,
 'magicDamageTaken': 8539,
 'needVisionPings': 0,
 'neutralMinionsKilled': 6,
 'nexusKills': 0,
 'nexusLost': 1,
 'nexusTakedowns': 0,
 'objectivesStolen': 0,
 'objectivesStolenAssists': 0,
 'onMyWayPings': 0,
 'participantId': 3,
 'pentaKills': 0,
 'perks': {'statPerks': {'defense': 5002,
 'flex': 5008,
 'offense': 5008},
 'styles': [{'description': 'primaryStyle',
 'selections': [{'perk': 8369,
 'var1': 594,
 'var2': 564,
 'var3': 0},
 {'perk': 8304,
 'var1': 12,
 'var2': 0,
 'var3': 0},
 {'perk': 8345,
 'var1': 3,
 'var2': 0,
 'var3': 0},
 {'perk': 8347,
 'var1': 0,
 'var2': 0,
 'var3': 0}],
 'style': 8300},
 {'description': 'subStyle',
 'selections': [{'perk': 8473,
 'var1': 696,
 'var2': 0,
 'var3': 0},
 {'perk': 8242,
 'var1': 41,
 'var2': 0,
 'var3': 0}],
 'style': 8400}]},
 'physicalDamageDealt': 12962,
 'physicalDamageDealtToChampions': 230,
 'physicalDamageTaken': 21353,
 'profileIcon': 1597,
 'pushPings': 0,
 'puuid': '5Fru2RTR9AvJ2k-UKN2SMa9e83Ydgnc6Y65KDe7ny24J7KVjl8ehWwhgRiVFIB-v8VqHhcPssZZUpA',
 'quadraKills': 0,
 'riotIdName': '',
 'riotIdTagline': '',
 'role': 'DUO',
 'sightWardsBoughtInGame': 0,
 'spell1Casts': 102,
 'spell2Casts': 52,
 'spell3Casts': 157,
 'spell4Casts': 25,
 'summoner1Casts': 5,
 'summoner1Id': 4,
 'summoner2Casts': 5,
 'summoner2Id': 12,
 'summonerId': '-b7Cx2uv3pJuDGHjI1krvYTibz5Zg-b09Znw8lpC4Y-Pc4A',
 'summonerLevel': 688,
 'summonerName': '크으리',
 'teamEarlySurrendered': False,
 'teamId': 100,
 'teamPosition': 'MIDDLE',
 'timeCCingOthers': 18,
 'timePlayed': 2006,
 'totalDamageDealt': 160894,
 'totalDamageDealtToChampions': 14289,
 'totalDamageShieldedOnTeammates': 0,
 'totalDamageTaken': 31060,
 'totalHeal': 4428,
 'totalHealsOnTeammates': 0,
 'totalMinionsKilled': 240,
 'totalTimeCCDealt': 456,
 'totalTimeSpentDead': 127,
 'totalUnitsHealed': 1,
 'tripleKills': 0,
 'trueDamageDealt': 8031,
 'trueDamageDealtToChampions': 548,
 'trueDamageTaken': 1168,
 'turretKills': 1,
 'turretTakedowns': 1,
 'turretsLost': 10,
 'unrealKills': 0,
 'visionClearedPings': 0,
 'visionScore': 31,
 'visionWardsBoughtInGame': 9,
 'wardsKilled': 8,
 'wardsPlaced': 14,
 'win': False},
 {'allInPings': 0,
 'assistMePings': 0,
 'assists': 4,
 'baitPings': 0,
 'baronKills': 0,
 'basicPings': 1,
 'bountyLevel': 0,
 'challenges': {'12AssistStreakCount': 0,
 'abilityUses': 500,
 'acesBefore15Minutes': 0,
 'alliedJungleMonsterKills': 7.100000023841858,
 'baronTakedowns': 0,
 'blastConeOppositeOpponentCount': 0,
 'bountyGold': 375,
 'buffsStolen': 0,
 'completeSupportQuestInTime': 0,
 'controlWardsPlaced': 1,
 'damagePerMinute': 1135.7370641150126,
 'damageTakenOnTeamPercentage': 0.1714088022713666,
 'dancedWithRiftHerald': 0,
 'deathsByEnemyChamps': 5,
 'dodgeSkillShotsSmallWindow': 1,
 'doubleAces': 0,
 'dragonTakedowns': 0,
 'earlyLaningPhaseGoldExpAdvantage': 0,
 'effectiveHealAndShielding': 926.199951171875,
 'elderDragonKillsWithOpposingSoul': 0,
 'elderDragonMultikills': 0,
 'enemyChampionImmobilizations': 0,
 'enemyJungleMonsterKills': 0,
 'epicMonsterKillsNearEnemyJungler': 0,
 'epicMonsterKillsWithin30SecondsOfSpawn': 0,
 'epicMonsterSteals': 0,
 'epicMonsterStolenWithoutSmite': 0,
 'flawlessAces': 0,
 'fullTeamTakedown': 0,
 'gameLength': 2006.7338676015954,
 'getTakedownsInAllLanesEarlyJungleAsLaner': 0,
 'goldPerMinute': 442.2768596544189,
 'hadOpenNexus': 0,
 'highestChampionDamage': 1,
 'immobilizeAndKillWithAlly': 0,
 'initialBuffCount': 0,
 'initialCrabCount': 0,
 'jungleCsBefore10Minutes': 0,
 'junglerTakedownsNearDamagedEpicMonster': 0,
 'kTurretsDestroyedBeforePlatesFall': 0,
 'kda': 2,
 'killAfterHiddenWithAlly': 0,
 'killParticipation': 0.5555555555555556,
 'killedChampTookFullTeamDamageSurvived': 0,
 'killingSprees': 1,
 'killsNearEnemyTurret': 1,
 'killsOnOtherLanesEarlyJungleAsLaner': 0,
 'killsOnRecentlyHealedByAramPack': 0,
 'killsUnderOwnTurret': 0,
 'killsWithHelpFromEpicMonster': 1,
 'knockEnemyIntoTeamAndKill': 0,
 'landSkillShotsEarlyGame': 13,
 'laneMinionsFirst10Minutes': 93,
 'laningPhaseGoldExpAdvantage': 0,
 'legendaryCount': 0,
 'lostAnInhibitor': 0,
 'maxCsAdvantageOnLaneOpponent': 83.59999999403954,
 'maxKillDeficit': 0,
 'maxLevelLeadLaneOpponent': 1,
 'moreEnemyJungleThanOpponent': -133.50000005960464,
 'multiKillOneSpell': 0,
 'multiTurretRiftHeraldCount': 0,
 'multikills': 1,
 'multikillsAfterAggressiveFlash': 0,
 'mythicItemUsed': 3078,
 'outerTurretExecutesBefore10Minutes': 0,
 'outnumberedKills': 2,
 'outnumberedNexusKill': 0,
 'perfectDragonSoulsTaken': 0,
 'perfectGame': 0,
 'pickKillWithAlly': 9,
 'playedChampSelectPosition': 1,
 'poroExplosions': 0,
 'quickCleanse': 0,
 'quickFirstTurret': 0,
 'quickSoloKills': 0,
 'riftHeraldTakedowns': 0,
 'saveAllyFromDeath': 0,
 'scuttleCrabKills': 1,
 'skillshotsDodged': 8,
 'skillshotsHit': 104,
 'snowballsHit': 0,
 'soloBaronKills': 0,
 'soloKills': 0,
 'stealthWardsPlaced': 4,
 'survivedSingleDigitHpCount': 0,
 'survivedThreeImmobilizesInFight': 2,
 'takedownOnFirstTurret': 0,
 'takedowns': 10,
 'takedownsAfterGainingLevelAdvantage': 0,
 'takedownsBeforeJungleMinionSpawn': 0,
 'takedownsFirstXMinutes': 2,
 'takedownsInAlcove': 0,
 'takedownsInEnemyFountain': 0,
 'teamBaronKills': 0,
 'teamDamagePercentage': 0.32629041148327026,
 'teamElderDragonKills': 0,
 'teamRiftHeraldKills': 0,
 'threeWardsOneSweeperCount': 0,
 'tookLargeDamageSurvived': 0,
 'turretPlatesTaken': 2,
 'turretTakedowns': 1,
 'turretsTakenWithRiftHerald': 0,
 'twentyMinionsIn3SecondsCount': 14,
 'unseenRecalls': 0,
 'visionScoreAdvantageLaneOpponent': -0.14818382263183594,
 'visionScorePerMinute': 0.9396187298302735,
 'wardTakedowns': 9,
 'wardTakedownsBefore20M': 3,
 'wardsGuarded': 0},
 'champExperience': 16497,
 'champLevel': 17,
 'championId': 81,
 'championName': 'Ezreal',
 'championTransform': 0,
 'commandPings': 0,
 'consumablesPurchased': 2,
 'damageDealtToBuildings': 3360,
 'damageDealtToObjectives': 5808,
 'damageDealtToTurrets': 3360,
 'damageSelfMitigated': 19583,
 'dangerPings': 0,
 'deaths': 5,
 'detectorWardsPlaced': 1,
 'doubleKills': 1,
 'dragonKills': 0,
 'eligibleForProgression': True,
 'enemyMissingPings': 0,
 'enemyVisionPings': 0,
 'firstBloodAssist': False,
 'firstBloodKill': False,
 'firstTowerAssist': False,
 'firstTowerKill': False,
 'gameEndedInEarlySurrender': False,
 'gameEndedInSurrender': False,
 'getBackPings': 0,
 'goldEarned': 14792,
 'goldSpent': 14958,
 'holdPings': 0,
 'individualPosition': 'BOTTOM',
 'inhibitorKills': 0,
 'inhibitorTakedowns': 0,
 'inhibitorsLost': 1,
 'item0': 3078,
 'item1': 6694,
 'item2': 3042,
 'item3': 3110,
 'item4': 3155,
 'item5': 3158,
 'item6': 3363,
 'itemsPurchased': 24,
 'killingSprees': 1,
 'kills': 6,
 'lane': 'MIDDLE',
 'largestCriticalStrike': 0,
 'largestKillingSpree': 3,
 'largestMultiKill': 2,
 'longestTimeSpentLiving': 743,
 'magicDamageDealt': 28087,
 'magicDamageDealtToChampions': 10856,
 'magicDamageTaken': 5893,
 'needVisionPings': 0,
 'neutralMinionsKilled': 13,
 'nexusKills': 0,
 'nexusLost': 1,
 'nexusTakedowns': 0,
 'objectivesStolen': 0,
 'objectivesStolenAssists': 0,
 'onMyWayPings': 0,
 'participantId': 4,
 'pentaKills': 0,
 'perks': {'statPerks': {'defense': 5002,
 'flex': 5008,
 'offense': 5005},
 'styles': [{'description': 'primaryStyle',
 'selections': [{'perk': 8010,
 'var1': 307,
 'var2': 0,
 'var3': 0},
 {'perk': 8009,
 'var1': 3970,
 'var2': 0,
 'var3': 0},
 {'perk': 9103,
 'var1': 21,
 'var2': 50,
 'var3': 0},
 {'perk': 8017,
 'var1': 356,
 'var2': 0,
 'var3': 0}],
 'style': 8000},
 {'description': 'subStyle',
 'selections': [{'perk': 8226,
 'var1': 250,
 'var2': 1578,
 'var3': 0},
 {'perk': 8210,
 'var1': 9,
 'var2': 0,
 'var3': 0}],
 'style': 8200}]},
 'physicalDamageDealt': 199055,
 'physicalDamageDealtToChampions': 27045,
 'physicalDamageTaken': 16690,
 'profileIcon': 23,
 'pushPings': 0,
 'puuid': 'nKQzgxKMq2Yr06LrK37OAZSXGN3Y0v4V43oMR3KfanEPxf_lAQ7XDo06FALXx7zq1deJqAi3NbqIdw',
 'quadraKills': 0,
 'riotIdName': '',
 'riotIdTagline': '',
 'role': 'DUO',
 'sightWardsBoughtInGame': 0,
 'spell1Casts': 384,
 'spell2Casts': 50,
 'spell3Casts': 48,
 'spell4Casts': 18,
 'summoner1Casts': 5,
 'summoner1Id': 7,
 'summoner2Casts': 4,
 'summoner2Id': 4,
 'summonerId': '7Rpca5Tf2rTaX2Y5VZL8sosHFH70GKAYRBdsn8RwXOZHhAn7MUV6mZ2edg',
 'summonerLevel': 99,
 'summonerName': 'future uncertain',
 'teamEarlySurrendered': False,
 'teamId': 100,
 'teamPosition': 'BOTTOM',
 'timeCCingOthers': 7,
 'timePlayed': 2006,
 'totalDamageDealt': 237018,
 'totalDamageDealtToChampions': 37985,
 'totalDamageShieldedOnTeammates': 0,
 'totalDamageTaken': 24654,
 'totalHeal': 5060,
 'totalHealsOnTeammates': 926,
 'totalMinionsKilled': 298,
 'totalTimeCCDealt': 227,
 'totalTimeSpentDead': 154,
 'totalUnitsHealed': 3,
 'tripleKills': 0,
 'trueDamageDealt': 9876,
 'trueDamageDealtToChampions': 84,
 'trueDamageTaken': 2070,
 'turretKills': 1,
 'turretTakedowns': 1,
 'turretsLost': 10,
 'unrealKills': 0,
 'visionClearedPings': 0,
 'visionScore': 31,
 'visionWardsBoughtInGame': 1,
 'wardsKilled': 8,
 'wardsPlaced': 10,
 'win': False},
 {'allInPings': 0,
 'assistMePings': 0,
 'assists': 11,
 'baitPings': 0,
 'baronKills': 0,
 'basicPings': 13,
 'bountyLevel': 0,
 'challenges': {'12AssistStreakCount': 0,
 'abilityUses': 339,
 'acesBefore15Minutes': 0,
 'alliedJungleMonsterKills': 0,
 'baronTakedowns': 0,
 'blastConeOppositeOpponentCount': 0,
 'bountyGold': 0,
 'buffsStolen': 0,
 'completeSupportQuestInTime': 1,
 'controlWardTimeCoverageInRiverOrEnemyHalf': 0.1642666048012808,
 'controlWardsPlaced': 12,
 'damagePerMinute': 692.5994307536822,
 'damageTakenOnTeamPercentage': 0.1086699264302178,
 'dancedWithRiftHerald': 0,
 'deathsByEnemyChamps': 5,
 'dodgeSkillShotsSmallWindow': 0,
 'doubleAces': 0,
 'dragonTakedowns': 3,
 'earliestDragonTakedown': 916.2032889924808,
 'earlyLaningPhaseGoldExpAdvantage': 1,
 'effectiveHealAndShielding': 2400.52392578125,
 'elderDragonKillsWithOpposingSoul': 0,
 'elderDragonMultikills': 0,
 'enemyChampionImmobilizations': 8,
 'enemyJungleMonsterKills': 0,
 'epicMonsterKillsNearEnemyJungler': 0,
 'epicMonsterKillsWithin30SecondsOfSpawn': 0,
 'epicMonsterSteals': 0,
 'epicMonsterStolenWithoutSmite': 0,
 'fasterSupportQuestCompletion': 1,
 'flawlessAces': 0,
 'fullTeamTakedown': 0,
 'gameLength': 2006.7338676015954,
 'getTakedownsInAllLanesEarlyJungleAsLaner': 0,
 'goldPerMinute': 235.94287622840665,
 'hadOpenNexus': 0,
 'highestCrowdControlScore': 1,
 'highestWardKills': 1,
 'immobilizeAndKillWithAlly': 3,
 'initialBuffCount': 0,
 'initialCrabCount': 0,
 'jungleCsBefore10Minutes': 0,
 'junglerTakedownsNearDamagedEpicMonster': 0,
 'kTurretsDestroyedBeforePlatesFall': 0,
 'kda': 2.4,
 'killAfterHiddenWithAlly': 0,
 'killParticipation': 0.6666666666666666,
 'killedChampTookFullTeamDamageSurvived': 0,
 'killsNearEnemyTurret': 0,
 'killsOnOtherLanesEarlyJungleAsLaner': 0,
 'killsOnRecentlyHealedByAramPack': 0,
 'killsUnderOwnTurret': 0,
 'killsWithHelpFromEpicMonster': 0,
 'knockEnemyIntoTeamAndKill': 0,
 'landSkillShotsEarlyGame': 19,
 'laneMinionsFirst10Minutes': 5,
 'laningPhaseGoldExpAdvantage': 0,
 'legendaryCount': 0,
 'lostAnInhibitor': 0,
 'maxCsAdvantageOnLaneOpponent': 7,
 'maxKillDeficit': 0,
 'maxLevelLeadLaneOpponent': 1,
 'moreEnemyJungleThanOpponent': -133.50000005960464,
 'multiKillOneSpell': 0,
 'multiTurretRiftHeraldCount': 0,
 'multikills': 0,
 'multikillsAfterAggressiveFlash': 0,
 'mythicItemUsed': 2065,
 'outerTurretExecutesBefore10Minutes': 0,
 'outnumberedKills': 0,
 'outnumberedNexusKill': 0,
 'perfectDragonSoulsTaken': 0,
 'perfectGame': 0,
 'pickKillWithAlly': 10,
 'playedChampSelectPosition': 1,
 'poroExplosions': 0,
 'quickCleanse': 0,
 'quickFirstTurret': 0,
 'quickSoloKills': 0,
 'riftHeraldTakedowns': 0,
 'saveAllyFromDeath': 0,
 'scuttleCrabKills': 0,
 'skillshotsDodged': 7,
 'skillshotsHit': 78,
 'snowballsHit': 0,
 'soloBaronKills': 0,
 'soloKills': 0,
 'stealthWardsPlaced': 42,
 'survivedSingleDigitHpCount': 1,
 'survivedThreeImmobilizesInFight': 0,
 'takedownOnFirstTurret': 0,
 'takedowns': 12,
 'takedownsAfterGainingLevelAdvantage': 0,
 'takedownsBeforeJungleMinionSpawn': 0,
 'takedownsFirstXMinutes': 2,
 'takedownsInAlcove': 0,
 'takedownsInEnemyFountain': 0,
 'teamBaronKills': 0,
 'teamDamagePercentage': 0.1989796409697981,
 'teamElderDragonKills': 0,
 'teamRiftHeraldKills': 0,
 'threeWardsOneSweeperCount': 0,
 'tookLargeDamageSurvived': 0,
 'turretPlatesTaken': 1,
 'turretTakedowns': 0,
 'turretsTakenWithRiftHerald': 0,
 'twentyMinionsIn3SecondsCount': 1,
 'unseenRecalls': 0,
 'visionScoreAdvantageLaneOpponent': 0.17937254905700684,
 'visionScorePerMinute': 3.1047541703597887,
 'wardTakedowns': 26,
 'wardTakedownsBefore20M': 7,
 'wardsGuarded': 1},
 'champExperience': 10425,
 'champLevel': 13,
 'championId': 43,
 'championName': 'Karma',
 'championTransform': 0,
 'commandPings': 0,
 'consumablesPurchased': 15,
 'damageDealtToBuildings': 528,
 'damageDealtToObjectives': 7956,
 'damageDealtToTurrets': 528,
 'damageSelfMitigated': 9219,
 'dangerPings': 0,
 'deaths': 5,
 'detectorWardsPlaced': 12,
 'doubleKills': 0,
 'dragonKills': 0,
 'eligibleForProgression': True,
 'enemyMissingPings': 0,
 'enemyVisionPings': 0,
 'firstBloodAssist': False,
 'firstBloodKill': False,
 'firstTowerAssist': False,
 'firstTowerKill': False,
 'gameEndedInEarlySurrender': False,
 'gameEndedInSurrender': False,
 'getBackPings': 0,
 'goldEarned': 7891,
 'goldSpent': 7225,
 'holdPings': 0,
 'individualPosition': 'UTILITY',
 'inhibitorKills': 0,
 'inhibitorTakedowns': 0,
 'inhibitorsLost': 1,
 'item0': 3853,
 'item1': 2065,
 'item2': 2055,
 'item3': 3158,
 'item4': 3011,
 'item5': 0,
 'item6': 3364,
 'itemsPurchased': 27,
 'killingSprees': 0,
 'kills': 1,
 'lane': 'BOTTOM',
 'largestCriticalStrike': 0,
 'largestKillingSpree': 0,
 'largestMultiKill': 1,
 'longestTimeSpentLiving': 892,
 'magicDamageDealt': 41652,
 'magicDamageDealtToChampions': 21456,
 'magicDamageTaken': 3624,
 'needVisionPings': 0,
 'neutralMinionsKilled': 0,
 'nexusKills': 0,
 'nexusLost': 1,
 'nexusTakedowns': 0,
 'objectivesStolen': 0,
 'objectivesStolenAssists': 0,
 'onMyWayPings': 0,
 'participantId': 5,
 'pentaKills': 0,
 'perks': {'statPerks': {'defense': 5002,
 'flex': 5008,
 'offense': 5008},
 'styles': [{'description': 'primaryStyle',
 'selections': [{'perk': 8229,
 'var1': 1601,
 'var2': 0,
 'var3': 0},
 {'perk': 8275,
 'var1': 11,
 'var2': 0,
 'var3': 0},
 {'perk': 8233,
 'var1': 21,
 'var2': 40,
 'var3': 0},
 {'perk': 8237,
 'var1': 653,
 'var2': 0,
 'var3': 0}],
 'style': 8200},
 {'description': 'subStyle',
 'selections': [{'perk': 8345,
 'var1': 3,
 'var2': 0,
 'var3': 0},
 {'perk': 8347,
 'var1': 0,
 'var2': 0,
 'var3': 0}],
 'style': 8300}]},
 'physicalDamageDealt': 4553,
 'physicalDamageDealtToChampions': 767,
 'physicalDamageTaken': 10742,
 'profileIcon': 5611,
 'pushPings': 0,
 'puuid': 'Ueh7UeGDqJ3LnmTf_hC3-CFUSPeL0CaLuC7BQF6woIN0X1v0LY_HiETZ_YXF7vjwcOsdeiScaiDTyQ',
 'quadraKills': 0,
 'riotIdName': '',
 'riotIdTagline': '',
 'role': 'SOLO',
 'sightWardsBoughtInGame': 0,
 'spell1Casts': 108,
 'spell2Casts': 22,
 'spell3Casts': 160,
 'spell4Casts': 49,
 'summoner1Casts': 6,
 'summoner1Id': 14,
 'summoner2Casts': 5,
 'summoner2Id': 4,
 'summonerId': '7JRm711hpG3zb2jCSRpN83eBYWmq-vMEKSfaUEQEfEYAAMg',
 'summonerLevel': 162,
 'summonerName': '김촐래',
 'teamEarlySurrendered': False,
 'teamId': 100,
 'teamPosition': 'UTILITY',
 'timeCCingOthers': 34,
 'timePlayed': 2006,
 'totalDamageDealt': 51227,
 'totalDamageDealtToChampions': 23164,
 'totalDamageShieldedOnTeammates': 2400,
 'totalDamageTaken': 15630,
 'totalHeal': 1650,
 'totalHealsOnTeammates': 0,
 'totalMinionsKilled': 40,
 'totalTimeCCDealt': 270,
 'totalTimeSpentDead': 127,
 'totalUnitsHealed': 1,
 'tripleKills': 0,
 'trueDamageDealt': 5021,
 'trueDamageDealtToChampions': 940,
 'trueDamageTaken': 1263,
 'turretKills': 0,
 'turretTakedowns': 0,
 'turretsLost': 10,
 'unrealKills': 0,
 'visionClearedPings': 0,
 'visionScore': 103,
 'visionWardsBoughtInGame': 13,
 'wardsKilled': 22,
 'wardsPlaced': 55,
 'win': False},
 {'allInPings': 0,
 'assistMePings': 0,
 'assists': 6,
 'baitPings': 0,
 'baronKills': 0,
 'basicPings': 68,
 'bountyLevel': 1,
 'challenges': {'12AssistStreakCount': 0,
 'abilityUses': 230,
 'acesBefore15Minutes': 0,
 'alliedJungleMonsterKills': 6,
 'baronBuffGoldAdvantageOverThreshold': 1,
 'baronTakedowns': 1,
 'blastConeOppositeOpponentCount': 0,
 'bountyGold': 0,
 'buffsStolen': 0,
 'completeSupportQuestInTime': 0,
 'controlWardTimeCoverageInRiverOrEnemyHalf': 0.06698047329080276,
 'controlWardsPlaced': 2,
 'damagePerMinute': 723.8699263152084,
 'damageTakenOnTeamPercentage': 0.256650211992124,
 'dancedWithRiftHerald': 0,
 'deathsByEnemyChamps': 8,
 'dodgeSkillShotsSmallWindow': 9,
 'doubleAces': 0,
 'dragonTakedowns': 0,
 'earliestBaron': 1294.435269994831,
 'earlyLaningPhaseGoldExpAdvantage': 0,
 'effectiveHealAndShielding': 0,
 'elderDragonKillsWithOpposingSoul': 0,
 'elderDragonMultikills': 0,
 'enemyChampionImmobilizations': 22,
 'enemyJungleMonsterKills': 4.000000029802322,
 'epicMonsterKillsNearEnemyJungler': 0,
 'epicMonsterKillsWithin30SecondsOfSpawn': 0,
 'epicMonsterSteals': 0,
 'epicMonsterStolenWithoutSmite': 0,
 'firstTurretKilledTime': 889.4326032046342,
 'flawlessAces': 1,
 'fullTeamTakedown': 4,
 'gameLength': 2006.7338676015954,
 'getTakedownsInAllLanesEarlyJungleAsLaner': 0,
 'goldPerMinute': 402.02903158340985,
 'hadOpenNexus': 0,
 'immobilizeAndKillWithAlly': 7,
 'initialBuffCount': 0,
 'initialCrabCount': 0,
 'jungleCsBefore10Minutes': 0,
 'junglerTakedownsNearDamagedEpicMonster': 0,
 'kTurretsDestroyedBeforePlatesFall': 0,
 'kda': 1.5,
 'killAfterHiddenWithAlly': 1,
 'killParticipation': 0.4444444444444444,
 'killedChampTookFullTeamDamageSurvived': 0,
 'killsNearEnemyTurret': 2,
 'killsOnOtherLanesEarlyJungleAsLaner': 0,
 'killsOnRecentlyHealedByAramPack': 0,
 'killsUnderOwnTurret': 0,
 'killsWithHelpFromEpicMonster': 2,
 'knockEnemyIntoTeamAndKill': 0,
 'landSkillShotsEarlyGame': 0,
 'laneMinionsFirst10Minutes': 67,
 'laningPhaseGoldExpAdvantage': 0,
 'legendaryCount': 0,
 'lostAnInhibitor': 0,
 'maxCsAdvantageOnLaneOpponent': 22.5,
 'maxKillDeficit': 0,
 'maxLevelLeadLaneOpponent': 1,
 'moreEnemyJungleThanOpponent': -153.00000008940697,
 'multiKillOneSpell': 0,
 'multiTurretRiftHeraldCount': 0,
 'multikills': 0,
 'multikillsAfterAggressiveFlash': 0,
 'mythicItemUsed': 6693,
 'outerTurretExecutesBefore10Minutes': 0,
 'outnumberedKills': 2,
 'outnumberedNexusKill': 0,
 'perfectDragonSoulsTaken': 0,
 'perfectGame': 0,
 'pickKillWithAlly': 10,
 'playedChampSelectPosition': 1,
 'poroExplosions': 0,
 'quickCleanse': 0,
 'quickFirstTurret': 0,
 'quickSoloKills': 0,
 'riftHeraldTakedowns': 0,
 'saveAllyFromDeath': 0,
 'scuttleCrabKills': 0,
 'shortestTimeToAceFromFirstTakedown': 32.55126000838709,
 'skillshotsDodged': 49,
 'skillshotsHit': 0,
 'snowballsHit': 0,
 'soloBaronKills': 0,
 'soloKills': 1,
 'stealthWardsPlaced': 4,
 'survivedSingleDigitHpCount': 0,
 'survivedThreeImmobilizesInFight': 2,
 'takedownOnFirstTurret': 0,
 'takedowns': 12,
 'takedownsAfterGainingLevelAdvantage': 0,
 'takedownsBeforeJungleMinionSpawn': 0,
 'takedownsFirstXMinutes': 1,
 'takedownsInAlcove': 0,
 'takedownsInEnemyFountain': 0,
 'teamBaronKills': 2,
 'teamDamagePercentage': 0.20849782348460755,
 'teamElderDragonKills': 0,
 'teamRiftHeraldKills': 2,
 'threeWardsOneSweeperCount': 0,
 'tookLargeDamageSurvived': 0,
 'turretPlatesTaken': 0,
 'turretTakedowns': 2,
 'turretsTakenWithRiftHerald': 5,
 'twentyMinionsIn3SecondsCount': 10,
 'unseenRecalls': 0,
 'visionScoreAdvantageLaneOpponent': -0.23241448402404785,
 'visionScorePerMinute': 0.720355696026469,
 'wardTakedowns': 8,
 'wardTakedownsBefore20M': 5,
 'wardsGuarded': 0},
 'champExperience': 17757,
 'champLevel': 17,
 'championId': 58,
 'championName': 'Renekton',
 'championTransform': 0,
 'commandPings': 0,
 'consumablesPurchased': 7,
 'damageDealtToBuildings': 711,
 'damageDealtToObjectives': 4675,
 'damageDealtToTurrets': 711,
 'damageSelfMitigated': 31164,
 'dangerPings': 0,
 'deaths': 8,
 'detectorWardsPlaced': 2,
 'doubleKills': 0,
 'dragonKills': 0,
 'eligibleForProgression': True,
 'enemyMissingPings': 0,
 'enemyVisionPings': 0,
 'firstBloodAssist': False,
 'firstBloodKill': False,
 'firstTowerAssist': False,
 'firstTowerKill': False,
 'gameEndedInEarlySurrender': False,
 'gameEndedInSurrender': False,
 'getBackPings': 0,
 'goldEarned': 13446,
 'goldSpent': 12200,
 'holdPings': 0,
 'individualPosition': 'TOP',
 'inhibitorKills': 0,
 'inhibitorTakedowns': 0,
 'inhibitorsLost': 0,
 'item0': 3111,
 'item1': 6693,
 'item2': 3153,
 'item3': 3156,
 'item4': 3133,
 'item5': 0,
 'item6': 3364,
 'itemsPurchased': 35,
 'killingSprees': 0,
 'kills': 6,
 'lane': 'TOP',
 'largestCriticalStrike': 0,
 'largestKillingSpree': 0,
 'largestMultiKill': 1,
 'longestTimeSpentLiving': 772,
 'magicDamageDealt': 8217,
 'magicDamageDealtToChampions': 3347,
 'magicDamageTaken': 15595,
 'needVisionPings': 0,
 'neutralMinionsKilled': 12,
 'nexusKills': 0,
 'nexusLost': 0,
 'nexusTakedowns': 1,
 'objectivesStolen': 0,
 'objectivesStolenAssists': 0,
 'onMyWayPings': 0,
 'participantId': 6,
 'pentaKills': 0,
 'perks': {'statPerks': {'defense': 5003,
 'flex': 5008,
 'offense': 5008},
 'styles': [{'description': 'primaryStyle',
 'selections': [{'perk': 8005,
 'var1': 2138,
 'var2': 1234,
 'var3': 903},
 {'perk': 9111,
 'var1': 665,
 'var2': 240,
 'var3': 0},
 {'perk': 9104,
 'var1': 21,
 'var2': 10,
 'var3': 0},
 {'perk': 8299,
 'var1': 1156,
 'var2': 0,
 'var3': 0}],
 'style': 8000},
 {'description': 'subStyle',
 'selections': [{'perk': 8446,
 'var1': 0,
 'var2': 0,
 'var3': 0},
 {'perk': 8473,
 'var1': 876,
 'var2': 0,
 'var3': 0}],
 'style': 8400}]},
 'physicalDamageDealt': 162668,
 'physicalDamageDealtToChampions': 20862,
 'physicalDamageTaken': 18962,
 'profileIcon': 907,
 'pushPings': 0,
 'puuid': 'ylmVFGZguEdi28CX8MTM-sN9LFH9NZQpacZBETovwBj5fajrYBAee2a2dEiSjtm3ckmW3x6byB8U3Q',
 'quadraKills': 0,
 'riotIdName': '',
 'riotIdTagline': '',
 'role': 'SOLO',
 'sightWardsBoughtInGame': 0,
 'spell1Casts': 104,
 'spell2Casts': 42,
 'spell3Casts': 74,
 'spell4Casts': 10,
 'summoner1Casts': 5,
 'summoner1Id': 12,
 'summoner2Casts': 3,
 'summoner2Id': 4,
 'summonerId': 'miRQ0z9O-FhNBItQBxWCKYPRAT6UOJrdf5Kde5qpniJIoN2GCFAn6b5Idg',
 'summonerLevel': 154,
 'summonerName': 'wuliaodexianshi',
 'teamEarlySurrendered': False,
 'teamId': 200,
 'teamPosition': 'TOP',
 'timeCCingOthers': 26,
 'timePlayed': 2006,
 'totalDamageDealt': 170886,
 'totalDamageDealtToChampions': 24210,
 'totalDamageShieldedOnTeammates': 0,
 'totalDamageTaken': 38471,
 'totalHeal': 5459,
 'totalHealsOnTeammates': 0,
 'totalMinionsKilled': 230,
 'totalTimeCCDealt': 70,
 'totalTimeSpentDead': 342,
 'totalUnitsHealed': 1,
 'tripleKills': 0,
 'trueDamageDealt': 0,
 'trueDamageDealtToChampions': 0,
 'trueDamageTaken': 3913,
 'turretKills': 0,
 'turretTakedowns': 2,
 'turretsLost': 2,
 'unrealKills': 0,
 'visionClearedPings': 0,
 'visionScore': 24,
 'visionWardsBoughtInGame': 2,
 'wardsKilled': 8,
 'wardsPlaced': 6,
 'win': True},
 {'allInPings': 0,
 'assistMePings': 0,
 'assists': 18,
 'baitPings': 0,
 'baronKills': 1,
 'basicPings': 217,
 'bountyLevel': 0,
 'challenges': {'12AssistStreakCount': 0,
 'abilityUses': 1679,
 'acesBefore15Minutes': 0,
 'alliedJungleMonsterKills': 116.50000020861626,
 'baronBuffGoldAdvantageOverThreshold': 1,
 'baronTakedowns': 2,
 'blastConeOppositeOpponentCount': 0,
 'bountyGold': 300,
 'buffsStolen': 0,
 'completeSupportQuestInTime': 0,
 'controlWardTimeCoverageInRiverOrEnemyHalf': 0.4068195102203262,
 'controlWardsPlaced': 3,
 'damagePerMinute': 673.7547934624419,
 'damageTakenOnTeamPercentage': 0.2532456420120517,
 'dancedWithRiftHerald': 0,
 'deathsByEnemyChamps': 1,
 'dodgeSkillShotsSmallWindow': 10,
 'doubleAces': 0,
 'dragonTakedowns': 0,
 'earliestBaron': 1294.435269994831,
 'earlyLaningPhaseGoldExpAdvantage': 0,
 'effectiveHealAndShielding': 6278.748046875,
 'elderDragonKillsWithOpposingSoul': 0,
 'elderDragonMultikills': 0,
 'enemyChampionImmobilizations': 0,
 'enemyJungleMonsterKills': 12.000000029802322,
 'epicMonsterKillsNearEnemyJungler': 0,
 'epicMonsterKillsWithin30SecondsOfSpawn': 0,
 'epicMonsterSteals': 0,
 'epicMonsterStolenWithoutSmite': 0,
 'firstTurretKilledTime': 889.4326032046342,
 'flawlessAces': 1,
 'fullTeamTakedown': 4,
 'gameLength': 2006.7338676015954,
 'goldPerMinute': 453.3605766692133,
 'hadOpenNexus': 0,
 'immobilizeAndKillWithAlly': 0,
 'initialBuffCount': 2,
 'initialCrabCount': 1,
 'jungleCsBefore10Minutes': 52.000000059604645,
 'junglerKillsEarlyJungle': 0,
 'junglerTakedownsNearDamagedEpicMonster': 0,
 'kTurretsDestroyedBeforePlatesFall': 0,
 'kda': 21,
 'killAfterHiddenWithAlly': 2,
 'killParticipation': 0.7777777777777778,
 'killedChampTookFullTeamDamageSurvived': 0,
 'killingSprees': 1,
 'killsNearEnemyTurret': 0,
 'killsOnLanersEarlyJungleAsJungler': 1,
 'killsOnRecentlyHealedByAramPack': 0,
 'killsUnderOwnTurret': 1,
 'killsWithHelpFromEpicMonster': 0,
 'knockEnemyIntoTeamAndKill': 0,
 'landSkillShotsEarlyGame': 2,
 'laneMinionsFirst10Minutes': 3,
 'laningPhaseGoldExpAdvantage': 0,
 'legendaryCount': 0,
 'lostAnInhibitor': 0,
 'maxCsAdvantageOnLaneOpponent': 30,
 'maxKillDeficit': 0,
 'maxLevelLeadLaneOpponent': 2,
 'moreEnemyJungleThanOpponent': -101.00000002980232,
 'multiKillOneSpell': 0,
 'multiTurretRiftHeraldCount': 0,
 'multikills': 0,
 'multikillsAfterAggressiveFlash': 0,
 'mythicItemUsed': 4636,
 'outerTurretExecutesBefore10Minutes': 0,
 'outnumberedKills': 0,
 'outnumberedNexusKill': 0,
 'perfectDragonSoulsTaken': 0,
 'perfectGame': 0,
 'pickKillWithAlly': 19,
 'playedChampSelectPosition': 1,
 'poroExplosions': 0,
 'quickCleanse': 0,
 'quickFirstTurret': 0,
 'quickSoloKills': 0,
 'riftHeraldTakedowns': 2,
 'saveAllyFromDeath': 2,
 'scuttleCrabKills': 6,
 'shortestTimeToAceFromFirstTakedown': 32.55126000838709,
 'skillshotsDodged': 54,
 'skillshotsHit': 18,
 'snowballsHit': 0,
 'soloBaronKills': 0,
 'soloKills': 0,
 'stealthWardsPlaced': 1,
 'survivedSingleDigitHpCount': 0,
 'survivedThreeImmobilizesInFight': 1,
 'takedownOnFirstTurret': 0,
 'takedowns': 21,
 'takedownsAfterGainingLevelAdvantage': 0,
 'takedownsBeforeJungleMinionSpawn': 0,
 'takedownsFirstXMinutes': 3,
 'takedownsInAlcove': 1,
 'takedownsInEnemyFountain': 0,
 'teamBaronKills': 2,
 'teamDamagePercentage': 0.19406305317078487,
 'teamElderDragonKills': 0,
 'teamRiftHeraldKills': 2,
 'threeWardsOneSweeperCount': 0,
 'tookLargeDamageSurvived': 0,
 'turretPlatesTaken': 2,
 'turretTakedowns': 4,
 'turretsTakenWithRiftHerald': 5,
 'twentyMinionsIn3SecondsCount': 1,
 'unseenRecalls': 0,
 'visionScoreAdvantageLaneOpponent': 2.0547451972961426,
 'visionScorePerMinute': 1.877290166275983,
 'wardTakedowns': 21,
 'wardTakedownsBefore20M': 11,
 'wardsGuarded': 0},
 'champExperience': 17342,
 'champLevel': 17,
 'championId': 76,
 'championName': 'Nidalee',
 'championTransform': 0,
 'commandPings': 0,
 'consumablesPurchased': 4,
 'damageDealtToBuildings': 1098,
 'damageDealtToObjectives': 34152,
 'damageDealtToTurrets': 1098,
 'damageSelfMitigated': 29897,
 'dangerPings': 0,
 'deaths': 1,
 'detectorWardsPlaced': 3,
 'doubleKills': 0,
 'dragonKills': 0,
 'eligibleForProgression': True,
 'enemyMissingPings': 0,
 'enemyVisionPings': 0,
 'firstBloodAssist': False,
 'firstBloodKill': True,
 'firstTowerAssist': False,
 'firstTowerKill': False,
 'gameEndedInEarlySurrender': False,
 'gameEndedInSurrender': False,
 'getBackPings': 0,
 'goldEarned': 15162,
 'goldSpent': 15590,
 'holdPings': 0,
 'individualPosition': 'JUNGLE',
 'inhibitorKills': 0,
 'inhibitorTakedowns': 1,
 'inhibitorsLost': 0,
 'item0': 3157,
 'item1': 3165,
 'item2': 3102,
 'item3': 3020,
 'item4': 1082,
 'item5': 4636,
 'item6': 3364,
 'itemsPurchased': 23,
 'killingSprees': 1,
 'kills': 3,
 'lane': 'JUNGLE',
 'largestCriticalStrike': 0,
 'largestKillingSpree': 3,
 'largestMultiKill': 1,
 'longestTimeSpentLiving': 1846,
 'magicDamageDealt': 171324,
 'magicDamageDealtToChampions': 20383,
 'magicDamageTaken': 14679,
 'needVisionPings': 0,
 'neutralMinionsKilled': 179,
 'nexusKills': 0,
 'nexusLost': 0,
 'nexusTakedowns': 1,
 'objectivesStolen': 0,
 'objectivesStolenAssists': 0,
 'onMyWayPings': 0,
 'participantId': 7,
 'pentaKills': 0,
 'perks': {'statPerks': {'defense': 5002,
 'flex': 5008,
 'offense': 5005},
 'styles': [{'description': 'primaryStyle',
 'selections': [{'perk': 8010,
 'var1': 195,
 'var2': 0,
 'var3': 0},
 {'perk': 9111,
 'var1': 2305,
 'var2': 420,
 'var3': 0},
 {'perk': 9104,
 'var1': 15,
 'var2': 10,
 'var3': 0},
 {'perk': 8014,
 'var1': 264,
 'var2': 0,
 'var3': 0}],
 'style': 8000},
 {'description': 'subStyle',
 'selections': [{'perk': 8143,
 'var1': 670,
 'var2': 0,
 'var3': 0},
 {'perk': 8135,
 'var1': 550,
 'var2': 5,
 'var3': 0}],
 'style': 8100}]},
 'physicalDamageDealt': 16930,
 'physicalDamageDealtToChampions': 1266,
 'physicalDamageTaken': 22081,
 'profileIcon': 5530,
 'pushPings': 0,
 'puuid': 'VAvALllHSe5Bg1A6eOsTT3MARW_5JKcJG_5CQawnTFIhCQH3AUTgZu7VQTOnKw2kEt523v8OZeGoIA',
 'quadraKills': 0,
 'riotIdName': '',
 'riotIdTagline': '',
 'role': 'NONE',
 'sightWardsBoughtInGame': 0,
 'spell1Casts': 397,
 'spell2Casts': 491,
 'spell3Casts': 260,
 'spell4Casts': 531,
 'summoner1Casts': 4,
 'summoner1Id': 4,
 'summoner2Casts': 21,
 'summoner2Id': 11,
 'summonerId': 'tvj-yIZYi6Q5j6NwQk0_hIxFQxsBpLxiQ6Y58nUilHZ22PooQ8sMgJRMUg',
 'summonerLevel': 39,
 'summonerName': '502222',
 'teamEarlySurrendered': False,
 'teamId': 200,
 'teamPosition': 'JUNGLE',
 'timeCCingOthers': 2,
 'timePlayed': 2006,
 'totalDamageDealt': 210339,
 'totalDamageDealtToChampions': 22534,
 'totalDamageShieldedOnTeammates': 0,
 'totalDamageTaken': 37961,
 'totalHeal': 29020,
 'totalHealsOnTeammates': 6278,
 'totalMinionsKilled': 40,
 'totalTimeCCDealt': 111,
 'totalTimeSpentDead': 53,
 'totalUnitsHealed': 5,
 'tripleKills': 0,
 'trueDamageDealt': 22084,
 'trueDamageDealtToChampions': 883,
 'trueDamageTaken': 1200,
 'turretKills': 0,
 'turretTakedowns': 4,
 'turretsLost': 2,
 'unrealKills': 0,
 'visionClearedPings': 0,
 'visionScore': 62,
 'visionWardsBoughtInGame': 3,
 'wardsKilled': 21,
 'wardsPlaced': 4,
 'win': True},
 {'allInPings': 0,
 'assistMePings': 0,
 'assists': 9,
 'baitPings': 0,
 'baronKills': 1,
 'basicPings': 168,
 'bountyLevel': 7,
 'challenges': {'12AssistStreakCount': 0,
 'abilityUses': 152,
 'acesBefore15Minutes': 0,
 'alliedJungleMonsterKills': 1.5,
 'baronBuffGoldAdvantageOverThreshold': 1,
 'baronTakedowns': 2,
 'blastConeOppositeOpponentCount': 0,
 'bountyGold': 0,
 'buffsStolen': 1,
 'completeSupportQuestInTime': 0,
 'controlWardTimeCoverageInRiverOrEnemyHalf': 0.08896762463172751,
 'controlWardsPlaced': 2,
 'damagePerMinute': 880.0895506504362,
 'damageTakenOnTeamPercentage': 0.16542906329790538,
 'dancedWithRiftHerald': 0,
 'deathsByEnemyChamps': 0,
 'dodgeSkillShotsSmallWindow': 4,
 'doubleAces': 0,
 'dragonTakedowns': 1,
 'earliestBaron': 1294.435269994831,
 'earliestDragonTakedown': 1914.4242668643149,
 'earlyLaningPhaseGoldExpAdvantage': 0,
 'effectiveHealAndShielding': 0,
 'elderDragonKillsWithOpposingSoul': 0,
 'elderDragonMultikills': 0,
 'enemyChampionImmobilizations': 6,
 'enemyJungleMonsterKills': 8.000000029802322,
 'epicMonsterKillsNearEnemyJungler': 1,
 'epicMonsterKillsWithin30SecondsOfSpawn': 2,
 'epicMonsterSteals': 0,
 'epicMonsterStolenWithoutSmite': 0,
 'firstTurretKilledTime': 889.4326032046342,
 'flawlessAces': 1,
 'fullTeamTakedown': 4,
 'gameLength': 2006.7338676015954,
 'getTakedownsInAllLanesEarlyJungleAsLaner': 0,
 'goldPerMinute': 503.182322337209,
 'hadOpenNexus': 0,
 'immobilizeAndKillWithAlly': 4,
 'initialBuffCount': 0,
 'initialCrabCount': 0,
 'jungleCsBefore10Minutes': 0,
 'junglerTakedownsNearDamagedEpicMonster': 0,
 'kTurretsDestroyedBeforePlatesFall': 0,
 'kda': 16,
 'killAfterHiddenWithAlly': 2,
 'killParticipation': 0.5925925925925926,
 'killedChampTookFullTeamDamageSurvived': 0,
 'killingSprees': 1,
 'killsNearEnemyTurret': 1,
 'killsOnOtherLanesEarlyJungleAsLaner': 0,
 'killsOnRecentlyHealedByAramPack': 0,
 'killsUnderOwnTurret': 0,
 'killsWithHelpFromEpicMonster': 0,
 'knockEnemyIntoTeamAndKill': 4,
 'landSkillShotsEarlyGame': 0,
 'laneMinionsFirst10Minutes': 92,
 'laningPhaseGoldExpAdvantage': 0,
 'legendaryCount': 0,
 'lostAnInhibitor': 0,
 'maxCsAdvantageOnLaneOpponent': 54.60000002384186,
 'maxKillDeficit': 0,
 'maxLevelLeadLaneOpponent': 2,
 'moreEnemyJungleThanOpponent': -153.00000008940697,
 'multiKillOneSpell': 0,
 'multiTurretRiftHeraldCount': 0,
 'multikills': 1,
 'multikillsAfterAggressiveFlash': 1,
 'mythicItemUsed': 6672,
 'outerTurretExecutesBefore10Minutes': 0,
 'outnumberedKills': 0,
 'outnumberedNexusKill': 0,
 'perfectDragonSoulsTaken': 0,
 'perfectGame': 0,
 'pickKillWithAlly': 13,
 'playedChampSelectPosition': 1,
 'poroExplosions': 0,
 'quickCleanse': 0,
 'quickFirstTurret': 0,
 'quickSoloKills': 1,
 'riftHeraldTakedowns': 0,
 'saveAllyFromDeath': 0,
 'scuttleCrabKills': 1,
 'shortestTimeToAceFromFirstTakedown': 32.55126000838709,
 'skillshotsDodged': 23,
 'skillshotsHit': 0,
 'snowballsHit': 0,
 'soloBaronKills': 0,
 'soloKills': 0,
 'stealthWardsPlaced': 4,
 'survivedSingleDigitHpCount': 0,
 'survivedThreeImmobilizesInFight': 2,
 'takedownOnFirstTurret': 0,
 'takedowns': 16,
 'takedownsAfterGainingLevelAdvantage': 1,
 'takedownsBeforeJungleMinionSpawn': 0,
 'takedownsFirstXMinutes': 0,
 'takedownsInAlcove': 0,
 'takedownsInEnemyFountain': 0,
 'teamBaronKills': 2,
 'teamDamagePercentage': 0.25349410040590464,
 'teamElderDragonKills': 0,
 'teamRiftHeraldKills': 2,
 'threeWardsOneSweeperCount': 0,
 'tookLargeDamageSurvived': 0,
 'turretPlatesTaken': 6,
 'turretTakedowns': 8,
 'turretsTakenWithRiftHerald': 5,
 'twentyMinionsIn3SecondsCount': 13,
 'unseenRecalls': 0,
 'visionScoreAdvantageLaneOpponent': -0.2532244324684143,
 'visionScorePerMinute': 0.7062278104957609,
 'wardTakedowns': 9,
 'wardTakedownsBefore20M': 4,
 'wardsGuarded': 0},
 'champExperience': 19149,
 'champLevel': 18,
 'championId': 18,
 'championName': 'Tristana',
 'championTransform': 0,
 'commandPings': 0,
 'consumablesPurchased': 4,
 'damageDealtToBuildings': 10935,
 'damageDealtToObjectives': 36065,
 'damageDealtToTurrets': 10935,
 'damageSelfMitigated': 15673,
 'dangerPings': 0,
 'deaths': 0,
 'detectorWardsPlaced': 2,
 'doubleKills': 1,
 'dragonKills': 1,
 'eligibleForProgression': True,
 'enemyMissingPings': 0,
 'enemyVisionPings': 0,
 'firstBloodAssist': False,
 'firstBloodKill': False,
 'firstTowerAssist': False,
 'firstTowerKill': False,
 'gameEndedInEarlySurrender': False,
 'gameEndedInSurrender': False,
 'getBackPings': 0,
 'goldEarned': 16829,
 'goldSpent': 16000,
 'holdPings': 0,
 'individualPosition': 'MIDDLE',
 'inhibitorKills': 0,
 'inhibitorTakedowns': 1,
 'inhibitorsLost': 0,
 'item0': 1038,
 'item1': 3031,
 'item2': 3006,
 'item3': 3156,
 'item4': 3046,
 'item5': 6672,
 'item6': 3363,
 'itemsPurchased': 23,
 'killingSprees': 1,
 'kills': 7,
 'lane': 'MIDDLE',
 'largestCriticalStrike': 766,
 'largestKillingSpree': 7,
 'largestMultiKill': 2,
 'longestTimeSpentLiving': 2001,
 'magicDamageDealt': 40538,
 'magicDamageDealtToChampions': 2832,
 'magicDamageTaken': 13172,
 'needVisionPings': 0,
 'neutralMinionsKilled': 24,
 'nexusKills': 1,
 'nexusLost': 0,
 'nexusTakedowns': 1,
 'objectivesStolen': 0,
 'objectivesStolenAssists': 0,
 'onMyWayPings': 0,
 'participantId': 8,
 'pentaKills': 0,
 'perks': {'statPerks': {'defense': 5003,
 'flex': 5008,
 'offense': 5005},
 'styles': [{'description': 'primaryStyle',
 'selections': [{'perk': 8008,
 'var1': 76,
 'var2': 4,
 'var3': 0},
 {'perk': 9111,
 'var1': 1535,
 'var2': 320,
 'var3': 0},
 {'perk': 9103,
 'var1': 21,
 'var2': 40,
 'var3': 0},
 {'perk': 8014,
 'var1': 505,
 'var2': 0,
 'var3': 0}],
 'style': 8000},
 {'description': 'subStyle',
 'selections': [{'perk': 8473,
 'var1': 560,
 'var2': 0,
 'var3': 0},
 {'perk': 8451,
 'var1': 218,
 'var2': 0,
 'var3': 0}],
 'style': 8400}]},
 'physicalDamageDealt': 183471,
 'physicalDamageDealtToChampions': 21899,
 'physicalDamageTaken': 10561,
 'profileIcon': 4216,
 'pushPings': 0,
 'puuid': '0QBJVW4WOHyRFf744N89gSJodv6dt5JUSpteSMduKEYJ3v6jLp2C0_56tqlCW8Ka16lEJTh1ubGPAA',
 'quadraKills': 0,
 'riotIdName': '',
 'riotIdTagline': '',
 'role': 'SOLO',
 'sightWardsBoughtInGame': 0,
 'spell1Casts': 57,
 'spell2Casts': 33,
 'spell3Casts': 55,
 'spell4Casts': 7,
 'summoner1Casts': 5,
 'summoner1Id': 14,
 'summoner2Casts': 4,
 'summoner2Id': 4,
 'summonerId': 'wTb3ey2AmTJlGR4fjsMrngezzYmlTwm8UB60oNZqC4pA-Rw',
 'summonerLevel': 400,
 'summonerName': 'ucal3',
 'teamEarlySurrendered': False,
 'teamId': 200,
 'teamPosition': 'MIDDLE',
 'timeCCingOthers': 8,
 'timePlayed': 2006,
 'totalDamageDealt': 249519,
 'totalDamageDealtToChampions': 29435,
 'totalDamageShieldedOnTeammates': 0,
 'totalDamageTaken': 24797,
 'totalHeal': 5594,
 'totalHealsOnTeammates': 0,
 'totalMinionsKilled': 277,
 'totalTimeCCDealt': 89,
 'totalTimeSpentDead': 0,
 'totalUnitsHealed': 1,
 'tripleKills': 0,
 'trueDamageDealt': 25509,
 'trueDamageDealtToChampions': 4703,
 'trueDamageTaken': 1063,
 'turretKills': 4,
 'turretTakedowns': 8,
 'turretsLost': 2,
 'unrealKills': 0,
 'visionClearedPings': 0,
 'visionScore': 23,
 'visionWardsBoughtInGame': 2,
 'wardsKilled': 9,
 'wardsPlaced': 8,
 'win': True},
 {'allInPings': 0,
 'assistMePings': 0,
 'assists': 10,
 'baitPings': 0,
 'baronKills': 0,
 'basicPings': 35,
 'bountyLevel': 3,
 'challenges': {'12AssistStreakCount': 0,
 'abilityUses': 252,
 'acesBefore15Minutes': 0,
 'alliedJungleMonsterKills': 24.000000029802322,
 'baronBuffGoldAdvantageOverThreshold': 1,
 'baronTakedowns': 2,
 'blastConeOppositeOpponentCount': 0,
 'bountyGold': 0,
 'buffsStolen': 0,
 'completeSupportQuestInTime': 0,
 'controlWardTimeCoverageInRiverOrEnemyHalf': 0.42947952261982963,
 'controlWardsPlaced': 5,
 'damagePerMinute': 934.8568909225443,
 'damageTakenOnTeamPercentage': 0.17482202868935495,
 'dancedWithRiftHerald': 0,
 'deathsByEnemyChamps': 6,
 'dodgeSkillShotsSmallWindow': 7,
 'doubleAces': 0,
 'dragonTakedowns': 0,
 'earliestBaron': 1294.435269994831,
 'earlyLaningPhaseGoldExpAdvantage': 0,
 'effectiveHealAndShielding': 1044,
 'elderDragonKillsWithOpposingSoul': 0,
 'elderDragonMultikills': 0,
 'enemyChampionImmobilizations': 0,
 'enemyJungleMonsterKills': 0,
 'epicMonsterKillsNearEnemyJungler': 0,
 'epicMonsterKillsWithin30SecondsOfSpawn': 0,
 'epicMonsterSteals': 0,
 'epicMonsterStolenWithoutSmite': 0,
 'firstTurretKilledTime': 889.4326032046342,
 'flawlessAces': 1,
 'fullTeamTakedown': 4,
 'gameLength': 2006.7338676015954,
 'getTakedownsInAllLanesEarlyJungleAsLaner': 0,
 'goldPerMinute': 476.42674254068584,
 'hadOpenNexus': 0,
 'immobilizeAndKillWithAlly': 0,
 'initialBuffCount': 0,
 'initialCrabCount': 0,
 'jungleCsBefore10Minutes': 0,
 'junglerTakedownsNearDamagedEpicMonster': 0,
 'kTurretsDestroyedBeforePlatesFall': 0,
 'kda': 3.1666666666666665,
 'killAfterHiddenWithAlly': 1,
 'killParticipation': 0.7037037037037037,
 'killedChampTookFullTeamDamageSurvived': 0,
 'killingSprees': 2,
 'killsNearEnemyTurret': 1,
 'killsOnOtherLanesEarlyJungleAsLaner': 0,
 'killsOnRecentlyHealedByAramPack': 0,
 'killsUnderOwnTurret': 1,
 'killsWithHelpFromEpicMonster': 2,
 'knockEnemyIntoTeamAndKill': 0,
 'landSkillShotsEarlyGame': 0,
 'laneMinionsFirst10Minutes': 68,
 'laningPhaseGoldExpAdvantage': 0,
 'legendaryCount': 0,
 'lostAnInhibitor': 0,
 'maxCsAdvantageOnLaneOpponent': 0,
 'maxKillDeficit': 0,
 'maxLevelLeadLaneOpponent': 1,
 'moreEnemyJungleThanOpponent': -153.00000008940697,
 'multiKillOneSpell': 0,
 'multiTurretRiftHeraldCount': 0,
 'multikills': 2,
 'multikillsAfterAggressiveFlash': 1,
 'mythicItemUsed': 6672,
 'outerTurretExecutesBefore10Minutes': 0,
 'outnumberedKills': 0,
 'outnumberedNexusKill': 0,
 'perfectDragonSoulsTaken': 0,
 'perfectGame': 0,
 'pickKillWithAlly': 16,
 'playedChampSelectPosition': 1,
 'poroExplosions': 0,
 'quickCleanse': 0,
 'quickFirstTurret': 0,
 'quickSoloKills': 0,
 'riftHeraldTakedowns': 1,
 'saveAllyFromDeath': 1,
 'scuttleCrabKills': 2,
 'skillshotsDodged': 39,
 'skillshotsHit': 0,
 'snowballsHit': 0,
 'soloBaronKills': 0,
 'soloKills': 0,
 'stealthWardsPlaced': 6,
 'survivedSingleDigitHpCount': 0,
 'survivedThreeImmobilizesInFight': 4,
 'takedownOnFirstTurret': 1,
 'takedowns': 19,
 'takedownsAfterGainingLevelAdvantage': 0,
 'takedownsBeforeJungleMinionSpawn': 0,
 'takedownsFirstXMinutes': 4,
 'takedownsInAlcove': 0,
 'takedownsInEnemyFountain': 0,
 'teamBaronKills': 2,
 'teamDamagePercentage': 0.26926885610393747,
 'teamElderDragonKills': 0,
 'teamRiftHeraldKills': 2,
 'threeWardsOneSweeperCount': 0,
 'tookLargeDamageSurvived': 0,
 'turretPlatesTaken': 1,
 'turretTakedowns': 7,
 'turretsTakenWithRiftHerald': 5,
 'twentyMinionsIn3SecondsCount': 9,
 'unseenRecalls': 0,
 'visionScoreAdvantageLaneOpponent': 0.17396223545074463,
 'visionScorePerMinute': 1.1030768610101076,
 'wardTakedowns': 5,
 'wardTakedownsBefore20M': 1,
 'wardsGuarded': 0},
 'champExperience': 16952,
 'champLevel': 17,
 'championId': 21,
 'championName': 'MissFortune',
 'championTransform': 0,
 'commandPings': 0,
 'consumablesPurchased': 6,
 'damageDealtToBuildings': 9992,
 'damageDealtToObjectives': 22002,
 'damageDealtToTurrets': 9992,
 'damageSelfMitigated': 16022,
 'dangerPings': 0,
 'deaths': 6,
 'detectorWardsPlaced': 5,
 'doubleKills': 2,
 'dragonKills': 0,
 'eligibleForProgression': True,
 'enemyMissingPings': 0,
 'enemyVisionPings': 0,
 'firstBloodAssist': True,
 'firstBloodKill': False,
 'firstTowerAssist': False,
 'firstTowerKill': False,
 'gameEndedInEarlySurrender': False,
 'gameEndedInSurrender': False,
 'getBackPings': 0,
 'goldEarned': 15934,
 'goldSpent': 14225,
 'holdPings': 0,
 'individualPosition': 'BOTTOM',
 'inhibitorKills': 1,
 'inhibitorTakedowns': 1,
 'inhibitorsLost': 0,
 'item0': 3036,
 'item1': 3026,
 'item2': 6672,
 'item3': 6676,
 'item4': 0,
 'item5': 3111,
 'item6': 3363,
 'itemsPurchased': 23,
 'killingSprees': 3,
 'kills': 9,
 'lane': 'BOTTOM',
 'largestCriticalStrike': 721,
 'largestKillingSpree': 4,
 'largestMultiKill': 2,
 'longestTimeSpentLiving': 527,
 'magicDamageDealt': 848,
 'magicDamageDealtToChampions': 573,
 'magicDamageTaken': 12044,
 'needVisionPings': 0,
 'neutralMinionsKilled': 32,
 'nexusKills': 0,
 'nexusLost': 0,
 'nexusTakedowns': 1,
 'objectivesStolen': 0,
 'objectivesStolenAssists': 0,
 'onMyWayPings': 0,
 'participantId': 9,
 'pentaKills': 0,
 'perks': {'statPerks': {'defense': 5002,
 'flex': 5008,
 'offense': 5008},
 'styles': [{'description': 'primaryStyle',
 'selections': [{'perk': 8005,
 'var1': 1186,
 'var2': 766,
 'var3': 420},
 {'perk': 8009,
 'var1': 2846,
 'var2': 0,
 'var3': 0},
 {'perk': 9103,
 'var1': 18,
 'var2': 20,
 'var3': 0},
 {'perk': 8014,
 'var1': 578,
 'var2': 0,
 'var3': 0}],
 'style': 8000},
 {'description': 'subStyle',
 'selections': [{'perk': 8304,
 'var1': 9,
 'var2': 4,
 'var3': 5},
 {'perk': 8345,
 'var1': 3,
 'var2': 0,
 'var3': 0}],
 'style': 8300}]},
 'physicalDamageDealt': 188099,
 'physicalDamageDealtToChampions': 28304,
 'physicalDamageTaken': 13021,
 'profileIcon': 5466,
 'pushPings': 0,
 'puuid': 'LxY245vUZWsccpZmGdEKiRqjEt8CgXKL6MHex-SabnTFz0UcPz6igPZluJlFardf8jREV7hLd83rPw',
 'quadraKills': 0,
 'riotIdName': '',
 'riotIdTagline': '',
 'role': 'CARRY',
 'sightWardsBoughtInGame': 0,
 'spell1Casts': 121,
 'spell2Casts': 103,
 'spell3Casts': 20,
 'spell4Casts': 8,
 'summoner1Casts': 5,
 'summoner1Id': 4,
 'summoner2Casts': 6,
 'summoner2Id': 7,
 'summonerId': 'IpgBZYBXas4SvEe-2SlxNPebkgWAXQv3QzLgWe5mFIakkA',
 'summonerLevel': 149,
 'summonerName': 'shagua taiping',
 'teamEarlySurrendered': False,
 'teamId': 200,
 'teamPosition': 'BOTTOM',
 'timeCCingOthers': 5,
 'timePlayed': 2006,
 'totalDamageDealt': 208231,
 'totalDamageDealtToChampions': 31266,
 'totalDamageShieldedOnTeammates': 0,
 'totalDamageTaken': 26205,
 'totalHeal': 3538,
 'totalHealsOnTeammates': 1044,
 'totalMinionsKilled': 219,
 'totalTimeCCDealt': 55,
 'totalTimeSpentDead': 239,
 'totalUnitsHealed': 5,
 'tripleKills': 0,
 'trueDamageDealt': 19283,
 'trueDamageDealtToChampions': 2387,
 'trueDamageTaken': 1140,
 'turretKills': 5,
 'turretTakedowns': 7,
 'turretsLost': 2,
 'unrealKills': 0,
 'visionClearedPings': 0,
 'visionScore': 36,
 'visionWardsBoughtInGame': 5,
 'wardsKilled': 5,
 'wardsPlaced': 15,
 'win': True},
 {'allInPings': 0,
 'assistMePings': 0,
 'assists': 17,
 'baitPings': 0,
 'baronKills': 0,
 'basicPings': 142,
 'bountyLevel': 1,
 'challenges': {'12AssistStreakCount': 0,
 'abilityUses': 175,
 'acesBefore15Minutes': 0,
 'alliedJungleMonsterKills': 0,
 'baronBuffGoldAdvantageOverThreshold': 1,
 'baronTakedowns': 2,
 'blastConeOppositeOpponentCount': 0,
 'bountyGold': 0,
 'buffsStolen': 0,
 'completeSupportQuestInTime': 0,
 'controlWardTimeCoverageInRiverOrEnemyHalf': 0.36641117782487737,
 'controlWardsPlaced': 14,
 'damagePerMinute': 259.2632886077805,
 'damageTakenOnTeamPercentage': 0.14985305400856402,
 'dancedWithRiftHerald': 0,
 'deathsByEnemyChamps': 3,
 'dodgeSkillShotsSmallWindow': 8,
 'doubleAces': 0,
 'dragonTakedowns': 1,
 'earliestBaron': 1294.435269994831,
 'earliestDragonTakedown': 1914.4242668643149,
 'earlyLaningPhaseGoldExpAdvantage': 0,
 'effectiveHealAndShielding': 5463.6943359375,
 'elderDragonKillsWithOpposingSoul': 0,
 'elderDragonMultikills': 0,
 'enemyChampionImmobilizations': 21,
 'enemyJungleMonsterKills': 0,
 'epicMonsterKillsNearEnemyJungler': 0,
 'epicMonsterKillsWithin30SecondsOfSpawn': 0,
 'epicMonsterSteals': 0,
 'epicMonsterStolenWithoutSmite': 0,
 'firstTurretKilledTime': 889.4326032046342,
 'flawlessAces': 1,
 'fullTeamTakedown': 4,
 'gameLength': 2006.7338676015954,
 'getTakedownsInAllLanesEarlyJungleAsLaner': 0,
 'goldPerMinute': 272.37472919279764,
 'hadOpenNexus': 0,
 'immobilizeAndKillWithAlly': 5,
 'initialBuffCount': 0,
 'initialCrabCount': 0,
 'jungleCsBefore10Minutes': 0,
 'junglerTakedownsNearDamagedEpicMonster': 0,
 'kTurretsDestroyedBeforePlatesFall': 0,
 'kda': 6.333333333333333,
 'killAfterHiddenWithAlly': 3,
 'killParticipation': 0.7037037037037037,
 'killedChampTookFullTeamDamageSurvived': 0,
 'killsNearEnemyTurret': 0,
 'killsOnOtherLanesEarlyJungleAsLaner': 0,
 'killsOnRecentlyHealedByAramPack': 0,
 'killsUnderOwnTurret': 0,
 'killsWithHelpFromEpicMonster': 1,
 'knockEnemyIntoTeamAndKill': 0,
 'landSkillShotsEarlyGame': 2,
 'laneMinionsFirst10Minutes': 13,
 'laningPhaseGoldExpAdvantage': 0,
 'legendaryCount': 0,
 'lostAnInhibitor': 0,
 'maxCsAdvantageOnLaneOpponent': 14,
 'maxKillDeficit': 0,
 'maxLevelLeadLaneOpponent': 2,
 'moreEnemyJungleThanOpponent': -153.00000008940697,
 'multiKillOneSpell': 0,
 'multiTurretRiftHeraldCount': 0,
 'multikills': 0,
 'multikillsAfterAggressiveFlash': 0,
 'mythicItemUsed': 2065,
 'outerTurretExecutesBefore10Minutes': 0,
 'outnumberedKills': 0,
 'outnumberedNexusKill': 0,
 'perfectDragonSoulsTaken': 0,
 'perfectGame': 0,
 'pickKillWithAlly': 15,
 'playedChampSelectPosition': 1,
 'poroExplosions': 0,
 'quickCleanse': 0,
 'quickFirstTurret': 0,
 'quickSoloKills': 0,
 'riftHeraldTakedowns': 1,
 'saveAllyFromDeath': 4,
 'scuttleCrabKills': 0,
 'shortestTimeToAceFromFirstTakedown': 32.55126000838709,
 'skillshotsDodged': 42,
 'skillshotsHit': 20,
 'snowballsHit': 0,
 'soloBaronKills': 0,
 'soloKills': 0,
 'stealthWardsPlaced': 26,
 'survivedSingleDigitHpCount': 1,
 'survivedThreeImmobilizesInFight': 4,
 'takedownOnFirstTurret': 0,
 'takedowns': 19,
 'takedownsAfterGainingLevelAdvantage': 0,
 'takedownsBeforeJungleMinionSpawn': 0,
 'takedownsFirstXMinutes': 3,
 'takedownsInAlcove': 0,
 'takedownsInEnemyFountain': 0,
 'teamBaronKills': 2,
 'teamDamagePercentage': 0.07467616683476547,
 'teamElderDragonKills': 0,
 'teamRiftHeraldKills': 2,
 'threeWardsOneSweeperCount': 0,
 'tookLargeDamageSurvived': 0,
 'turretPlatesTaken': 2,
 'turretTakedowns': 5,
 'turretsTakenWithRiftHerald': 5,
 'twentyMinionsIn3SecondsCount': 0,
 'unseenRecalls': 0,
 'visionScoreAdvantageLaneOpponent': -0.15209150314331055,
 'visionScorePerMinute': 2.6325474435486673,
 'wardTakedowns': 7,
 'wardTakedownsBefore20M': 4,
 'wardsGuarded': 0},
 'champExperience': 13108,
 'champLevel': 15,
 'championId': 432,
 'championName': 'Bard',
 'championTransform': 0,
 'commandPings': 0,
 'consumablesPurchased': 19,
 'damageDealtToBuildings': 695,
 'damageDealtToObjectives': 4400,
 'damageDealtToTurrets': 695,
 'damageSelfMitigated': 12738,
 'dangerPings': 0,
 'deaths': 3,
 'detectorWardsPlaced': 14,
 'doubleKills': 0,
 'dragonKills': 0,
 'eligibleForProgression': True,
 'enemyMissingPings': 0,
 'enemyVisionPings': 0,
 'firstBloodAssist': True,
 'firstBloodKill': False,
 'firstTowerAssist': False,
 'firstTowerKill': False,
 'gameEndedInEarlySurrender': False,
 'gameEndedInSurrender': False,
 'getBackPings': 0,
 'goldEarned': 9109,
 'goldSpent': 8125,
 'holdPings': 0,
 'individualPosition': 'UTILITY',
 'inhibitorKills': 0,
 'inhibitorTakedowns': 1,
 'inhibitorsLost': 0,
 'item0': 3009,
 'item1': 2065,
 'item2': 3860,
 'item3': 2055,
 'item4': 3011,
 'item5': 3067,
 'item6': 3364,
 'itemsPurchased': 32,
 'killingSprees': 0,
 'kills': 2,
 'lane': 'BOTTOM',
 'largestCriticalStrike': 0,
 'largestKillingSpree': 0,
 'largestMultiKill': 1,
 'longestTimeSpentLiving': 962,
 'magicDamageDealt': 19702,
 'magicDamageDealtToChampions': 6578,
 'magicDamageTaken': 12906,
 'needVisionPings': 0,
 'neutralMinionsKilled': 0,
 'nexusKills': 0,
 'nexusLost': 0,
 'nexusTakedowns': 1,
 'objectivesStolen': 0,
 'objectivesStolenAssists': 0,
 'onMyWayPings': 0,
 'participantId': 10,
 'pentaKills': 0,
 'perks': {'statPerks': {'defense': 5002,
 'flex': 5008,
 'offense': 5005},
 'styles': [{'description': 'primaryStyle',
 'selections': [{'perk': 8465,
 'var1': 2085,
 'var2': 0,
 'var3': 0},
 {'perk': 8463,
 'var1': 1133,
 'var2': 0,
 'var3': 0},
 {'perk': 8444,
 'var1': 1104,
 'var2': 0,
 'var3': 0},
 {'perk': 8242,
 'var1': 41,
 'var2': 0,
 'var3': 0}],
 'style': 8400},
 {'description': 'subStyle',
 'selections': [{'perk': 8136,
 'var1': 20,
 'var2': 30,
 'var3': 0},
 {'perk': 8105,
 'var1': 13,
 'var2': 5,
 'var3': 0}],
 'style': 8100}]},
 'physicalDamageDealt': 4428,
 'physicalDamageDealtToChampions': 960,
 'physicalDamageTaken': 8764,
 'profileIcon': 5255,
 'pushPings': 0,
 'puuid': '02NWA41IiPak1wyh1HcrSlOiVgbeCSfBQI7yyK5_mCeq37NsjR1MtWsE8RT-xKt8F_boh25Lj2NFpQ',
 'quadraKills': 0,
 'riotIdName': '',
 'riotIdTagline': '',
 'role': 'SUPPORT',
 'sightWardsBoughtInGame': 0,
 'spell1Casts': 45,
 'spell2Casts': 90,
 'spell3Casts': 31,
 'spell4Casts': 9,
 'summoner1Casts': 7,
 'summoner1Id': 14,
 'summoner2Casts': 5,
 'summoner2Id': 4,
 'summonerId': 'Vdq4v6dM0YAVivE1cwuwsVJQDFDM9tsUrevYeWW3XAEqoNs',
 'summonerLevel': 256,
 'summonerName': '태식이1',
 'teamEarlySurrendered': False,
 'teamId': 200,
 'teamPosition': 'UTILITY',
 'timeCCingOthers': 34,
 'timePlayed': 2006,
 'totalDamageDealt': 30004,
 'totalDamageDealtToChampions': 8671,
 'totalDamageShieldedOnTeammates': 1073,
 'totalDamageTaken': 22462,
 'totalHeal': 9388,
 'totalHealsOnTeammates': 4389,
 'totalMinionsKilled': 33,
 'totalTimeCCDealt': 177,
 'totalTimeSpentDead': 96,
 'totalUnitsHealed': 5,
 'tripleKills': 0,
 'trueDamageDealt': 5872,
 'trueDamageDealtToChampions': 1132,
 'trueDamageTaken': 791,
 'turretKills': 1,
 'turretTakedowns': 5,
 'turretsLost': 2,
 'unrealKills': 0,
 'visionClearedPings': 0,
 'visionScore': 88,
 'visionWardsBoughtInGame': 15,
 'wardsKilled': 7,
 'wardsPlaced': 60,
 'win': True}],
 'platformId': 'KR',
 'queueId': 420,
 'teams': [{'bans': [{'championId': 30,
 'pickTurn': 1},
 {'championId': 74,
 'pickTurn': 2},
 {'championId': 238,
 'pickTurn': 3},
 {'championId': 24,
 'pickTurn': 4},
 {'championId': 145,
 'pickTurn': 5}],
 'objectives': {'baron': {'first': False,
 'kills': 0},
 'champion': {'first': False,
 'kills': 18},
 'dragon': {'first': True,
 'kills': 3},
 'inhibitor': {'first': False,
 'kills': 0},
 'riftHerald': {'first': False,
 'kills': 0},
 'tower': {'first': False,
 'kills': 2}},
 'teamId': 100,
 'win': False},
 {'bans': [{'championId': 266,
 'pickTurn': 6},
 {'championId': 429,
 'pickTurn': 7},
 {'championId': 104,
 'pickTurn': 8},
 {'championId': -1,
 'pickTurn': 9},
 {'championId': 360,
 'pickTurn': 10}],
 'objectives': {'baron': {'first': True,
 'kills': 2},
 'champion': {'first': True,
 'kills': 27},
 'dragon': {'first': False,
 'kills': 1},
 'inhibitor': {'first': True,
 'kills': 1},
 'riftHerald': {'first': True,
 'kills': 2},
 'tower': {'first': True,
 'kills': 10}},
 'teamId': 200,
 'win': True}],
 'tournamentCode': ''}}